time,AUDCAD,AUDUSD,EURGBP,GBPUSD,USDCAD,USDCHF,USDCNH,USDJPY
2016-07-08,0.0,0.0,0.0,-0.0,0.0,0.0,,-0.0
2016-07-11,0.0,-0.0,0.0,-0.0,0.0,0.0,,0.0
2016-07-12,0.0,0.0,0.01821725007487418,0.017314315130755764,0.0,0.0,,0.0
2016-07-13,0.0,0.0,-0.0,0.0,0.0,0.0,,0.0
2016-07-14,0.0,0.0,-0.0,0.0,-0.0,0.0,,0.0
2016-07-15,0.005505482363452607,0.0,-0.0,0.0,-0.0,-0.0,,0.0
2016-07-18,-0.0,0.0,-0.0,0.0,-0.0,-0.0,,0.0
2016-07-19,-0.0,0.015590183022248683,0.0,-0.0,-0.0,-0.0,,0.0
2016-07-20,-0.0,-0.0,-0.0,0.0,0.0,0.0,,0.0
2016-07-21,-0.0,-0.0,-0.0,-0.0,0.0,0.0,,0.0
2016-07-22,-0.0,-0.0,0.0,-0.0,0.0,0.0,,0.0
2016-07-25,0.0,-0.0,0.0,-0.0,0.0,0.0,,-0.0
2016-07-26,0.0,-0.0,-0.0,0.0,0.0,0.0,,-0.0
2016-07-27,0.0,0.0,0.0,0.0,0.0,-0.0,,-0.0
2016-07-28,0.0,0.0,0.0,-0.0,0.0,-0.0,,-0.0
2016-07-29,0.0,0.0,0.0,0.0,-0.0,-0.0,,-0.0
2016-08-01,0.0,0.0,0.0,0.0,0.007099526159670133,-0.0,,-0.0
2016-08-02,0.0,0.0,0.0,0.0,-0.0,-0.0,,-0.0
2016-08-03,0.0,0.0,0.0,0.0,-0.0,-0.0,,-0.0
2016-08-04,0.0,0.0,0.0,-0.0,-0.0,-0.0,,-0.0
2016-08-05,0.0,0.0,0.0,-0.0,0.0,0.0,,-0.0
2016-08-08,0.0,0.0,0.0,-0.0,0.0,0.0,,0.0
2016-08-09,0.0,0.0,0.0,-0.0,0.0,0.0,,0.0
2016-08-10,0.0,0.0,0.0,-0.0,-0.0,0.0,,0.0
2016-08-11,0.0,0.0,0.0,-0.0,-0.0,0.0,,0.0
2016-08-12,-0.0,0.0,0.0,-0.0,-0.0,-0.0,,-0.0
2016-08-15,0.015170008057603046,0.0,0.0,-0.0,-0.0,-0.0,,-0.0
2016-08-16,-0.0,0.0,0.0,0.0,-0.0,-0.0,,-0.0
2016-08-17,-0.0,0.005898008346174488,0.0,0.0,-0.0,-0.0,,-0.0
2016-08-18,-0.0,-0.0,0.0,0.0,-0.0,-0.0,,-0.0
2016-08-19,-0.0,-0.0,-0.0020419953420283132,0.0,-0.0,-0.0,,-0.0
2016-08-22,-0.0,-0.0,-0.0,0.0,0.0,-0.0,,-0.0
2016-08-23,-0.0,-0.0,-0.0,0.0,0.0039605192058135286,0.0012969918009836379,,-0.0
2016-08-24,0.0,-0.0,-0.0,0.0,0.0,0.0,,0.0
2016-08-25,0.0,-0.0,-0.0,0.0,0.0,0.0,,0.0
2016-08-26,0.0,-0.0,-0.0,0.0,0.0,0.0,,0.0
2016-08-29,-0.0,-0.0,-0.0,-0.0,0.0,0.0,,0.0
2016-08-30,0.0,-0.0,-0.0,-0.0,0.0,0.0,,0.0
2016-08-31,0.0,-0.0,-0.0,-0.0,0.0,0.0,,0.0
2016-09-01,0.0,-0.0,-0.0,0.0,0.0,0.0,,0.0
2016-09-02,-0.0,-0.0,-0.0,0.0,-0.0,0.0,,0.0
2016-09-05,-0.0,0.0,-0.0,0.0,-0.0,0.0,,0.0
2016-09-06,0.0,0.0,-0.0,0.0,-0.0,-0.0,,-0.0
2016-09-07,0.0,0.0,-0.0,0.0,-0.0,-0.0,,-0.0
2016-09-08,-0.0,0.0,0.0,0.0,-0.0,-0.0,,-0.0
2016-09-09,0.0,-0.0,0.0,-0.0,0.0,-0.0,,-0.0
2016-09-12,0.0,-0.0,0.0,0.0,0.0,-0.0,,-0.0
2016-09-13,-0.0,-0.0,0.0,0.01869458534270918,0.0,0.0,,0.0
2016-09-14,-0.0,-0.0,0.0,-0.0,0.0,0.0,,0.0
2016-09-15,-0.0,-0.0,0.0,-0.0,0.0,-0.0,,-0.0
2016-09-16,0.0,-0.0,0.0,-0.0,0.0,0.0,,-0.0
2016-09-19,0.0,-0.0,0.0,-0.0,0.0,0.0,,0.0
2016-09-20,0.0,0.012511791726024568,0.0,-0.0,0.0,0.0,,-0.0
2016-09-21,0.0,0.0,0.0,-0.0,-0.0,0.0,,-0.0
2016-09-22,0.0,0.0,0.0,-0.0,-0.0,-0.0,,-0.0
2016-09-23,0.0,0.0,0.0,-0.0,-0.0,-0.0,,-0.0
2016-09-26,0.0,0.0,0.0,-0.0,0.0,-0.0,,-0.0
2016-09-27,0.0,0.0,0.0,0.0,0.0,-0.0,,-0.0
2016-09-28,-0.007415344085963449,0.0,0.0,-0.0,-0.0,-0.0,,0.0
2016-09-29,0.0,-0.0,0.0,-0.0,0.0,-0.0,,0.0
2016-09-30,-0.001485964646997906,0.0,0.0,0.0,-0.0,0.0,,0.0
2016-10-03,-0.0,0.0,0.0,-0.0,-0.0,0.0,,0.0
2016-10-04,-0.0,-0.0,0.0,-0.0,-0.0,0.0,,0.0
2016-10-05,-0.0,-0.0,0.0,-0.0,0.0,0.0,,0.0
2016-10-06,-0.0,-0.0,0.0,-0.0,0.0,0.0,,0.0
2016-10-07,0.0,-0.0,0.0,-0.0,0.0,0.0,,0.0
2016-10-10,-0.0,-0.0,-0.03210485134204588,-0.03769690915677726,0.0,0.0,,0.0
2016-10-11,-0.0,-0.0,0.0,-0.0,0.0,0.0,,0.0
2016-10-12,-0.0,-0.0,0.0,-0.0,0.0,0.0,,0.0
2016-10-13,-0.0,-0.0,0.0,-0.0,-0.0,0.0,,-0.0
2016-10-14,-0.0,0.0,-0.0,-0.0,-0.0,0.0,,0.0
2016-10-17,-0.0,0.0,0.0,-0.0,-0.0,0.0,,0.0
2016-10-18,0.0,0.0,-0.0,0.0,-0.0,-0.001025731187086043,,0.0
2016-10-19,0.0,0.0,-0.0,0.0,-0.0,-0.0,,-0.0
2016-10-20,0.0,0.0,-0.0,0.0,0.0,0.0,,0.0
2016-10-21,0.0,-0.0,-0.0,0.0,0.0,0.0,,-0.0
2016-10-24,0.0,-0.0,-0.0,0.0,0.0,0.0,,0.0
2016-10-25,0.0,-0.0,0.0,-0.0,0.0,0.0,,0.0
2016-10-26,0.0,-0.0,-0.0,-0.0,0.0,0.0,,0.0
2016-10-27,0.0,-0.0,0.0,-0.0,0.0,0.0,,0.0
2016-10-28,0.0,-0.0,0.0,-0.0,-0.00484100124375364,-0.0,,0.0
2016-10-31,0.0,-0.0,0.0,0.0,0.0,-0.0,,0.0
2016-11-01,-0.004192448580976116,0.0,0.0,0.0,-0.002586850422583442,-0.0,,-0.0
2016-11-02,0.0,0.0,0.0,0.0,0.0,-0.0,,-0.0
2016-11-03,0.0,0.0,-0.0,0.0,0.0,-0.0,,-0.0
2016-11-04,0.0,0.0,-0.0,0.0,0.0,-0.0,,-0.0
2016-11-07,0.0,0.0,-0.0,0.0,-0.0,-0.0,,-0.0
2016-11-08,-0.006051190547854635,0.0,-0.0,0.0,-0.0,0.0,,0.0
2016-11-09,-0.0,-0.0,-0.0,0.0,0.0,0.0,,0.0
2016-11-10,-0.0,-0.0,-0.0,0.0,0.0,0.0,,0.0
2016-11-11,-0.0,-0.0,-0.0,0.0,0.0,0.0,,0.0
2016-11-14,0.008415038183451018,0.02270084369033476,-0.0,0.0,0.0,0.0,,0.0
2016-11-15,-0.0,-0.0,-0.0,0.0,0.0,0.0,,0.0
2016-11-16,-0.0,-0.0,-0.0,0.0,0.0,0.0,,0.0
2016-11-17,-0.0,-0.0,-0.014228133912201124,-0.0,0.0,0.0,,-0.030708451463964392
2016-11-18,-0.0,-0.0,-0.0,-0.0,0.0033733214845501625,0.0,,0.0
2016-11-21,-0.0,-0.0,-0.0,0.0,-0.0,0.0,,0.0
2016-11-22,-0.0,-0.0,-0.0,-0.0,-0.0,0.0,,0.0
2016-11-23,-0.0,-0.012832049521450783,-0.0,-0.0,0.0,0.0,,0.0
2016-11-24,-0.0,0.0,-0.0,0.0,-0.0,-0.009065444218525287,,0.0
2016-11-25,0.015365901404669202,0.0,-0.0,0.0,0.0,0.0,,0.0
2016-11-28,0.0,0.0,0.005510182979103662,-0.0,-0.0,0.0,,0.0
2016-11-29,0.0,0.0,-0.0,0.0,-0.0,0.0,,0.0
2016-11-30,-0.0,0.0,-0.0,0.0,-0.0,-0.0010035167397561828,,0.0
2016-12-01,-0.0,0.0,-0.0,0.0,-0.0,-0.0,,0.0
2016-12-02,-0.0,0.0,-0.0,0.0,-0.0,-0.0,,0.0
2016-12-05,-0.0,-0.0,-0.0,0.0,-0.0,-0.0,,0.0
2016-12-06,-0.0,-0.0,-0.0,0.0,-0.0,-0.0,,0.0
2016-12-07,-0.0,0.0,0.0,0.0,-0.0,-0.0,,-0.0
2016-12-08,-0.0,0.0,-0.0,-0.0,-0.0,0.0,,-0.0
2016-12-09,-0.0,-0.0,0.0,0.01221307611220146,-0.0,0.0,,0.0
2016-12-12,-0.0,0.0,-0.0,-0.0,-0.010695386235644366,0.0,,0.0
2016-12-13,-0.0,0.0,-0.0,-0.0,-0.0,0.0,,0.0
2016-12-14,-0.0,-0.0,-0.0,-0.0,0.003691743764358324,0.0,,0.0
2016-12-15,-0.0,-0.0,-0.0,-0.0,0.0,0.0,,0.0
2016-12-16,-0.0,-0.0,-0.0,-0.0,0.0,0.0,,0.0
2016-12-19,-0.0,-0.0,0.0,-0.0,0.0,0.0,,0.0
2016-12-20,-0.0,-0.0,0.0,-0.0,0.0,0.0,,0.0
2016-12-21,-0.0,-0.0,0.0,-0.0,0.0,0.0,,0.0
2016-12-22,-0.0,-0.0,0.0,-0.0,0.0,-0.0,,-0.0
2016-12-23,-0.0,-0.0,0.0,-0.0,0.0,-0.0,,-0.0
2016-12-26,-0.0,-0.007636197541050271,0.0,-0.0,0.0,-0.0,,-0.0
2016-12-27,0.0,-0.0,0.0,-0.0,0.0,-0.0,,-0.0
2016-12-28,0.0,-0.008291367729122312,0.0,-0.0,0.0,0.0,,-0.0
2016-12-29,0.0,0.0,0.0,-0.0,0.0,-0.0,,-0.0
2016-12-30,-0.0,0.0,0.0,0.0,-0.0,-0.0,,-0.0
2017-01-02,-0.0,-0.0,0.0,-0.0,-0.0,-0.0,,0.0
2017-01-03,-0.0,0.0,-0.0,-0.0,-0.0,-0.0,,0.0
2017-01-04,-0.0,0.0,-0.0,0.0,-0.0,-0.0,,-0.0
2017-01-05,-0.0,0.0,-0.0,0.0,-0.0,-0.0,,-0.0
2017-01-06,-0.0,0.0,0.0,-0.0,-0.0,-0.0,,0.0
2017-01-09,0.0,0.0,0.0,-0.0,-0.0,-0.0,,-0.0
2017-01-10,0.0,0.0,0.0,-0.0,-0.0,-0.0,,-0.0
2017-01-11,0.0,0.0,0.0,-0.0,-0.0,-0.0,,-0.0
2017-01-12,0.0,0.0,0.0,-0.0,-0.0,0.0,,-0.0
2017-01-13,0.0,0.0,0.0,-0.0,-0.0,-0.0,,-0.0
2017-01-16,0.0,0.0,-0.011663911751721323,-0.0,-0.0,-0.0,,-0.0
2017-01-17,0.0,0.0,-0.0,0.0,-0.0,-0.0,,-0.0
2017-01-18,0.0,0.0,0.0,0.0,0.0,-0.0,,-0.0
2017-01-19,0.0,0.0,-0.0,0.0,0.0,-0.0,,0.0
2017-01-20,0.0,0.0,-0.0,0.0,0.0,-0.0,,0.0
2017-01-23,0.0,0.0,0.023568321363259148,0.0,0.0,-0.0,,-0.0
2017-01-24,0.0,0.0,-0.0,0.0,0.0,-0.0003758866354953705,,0.010760139202227958
2017-01-25,0.00646508234790566,0.0,-0.0,0.0,-0.0,-0.0,,-0.0
2017-01-26,-0.0,-0.0,-0.0,0.0,-0.0,-0.0,,-0.0
2017-01-27,-0.0,0.0,-0.0,0.0,-0.0,-0.0011783739175710295,,0.0
2017-01-30,-0.0,-0.0,-0.0,-0.0,-0.0,-0.0,,0.009589136816092969
2017-01-31,-0.0,0.0,0.0,0.0,-0.0,-0.0,,-0.0
2017-02-01,0.0,0.0,0.0,-0.0020628720410148516,-0.0,-0.0,,-0.0
2017-02-02,0.0,0.0,0.0,-0.0,-0.0,-0.0,,-0.0
2017-02-03,0.0,0.0,0.0,-0.0,-0.0,-0.0,,-0.0
2017-02-06,0.0,0.0,0.0,-0.0,-0.0,-0.0,,-0.0
2017-02-07,0.0,0.0,-0.0,-0.0,0.0,0.008592287663212295,,-0.0
2017-02-08,0.0,0.0,0.0,-0.0,0.0,0.0,,-0.0
2017-02-09,0.0,-0.0,-0.0,-0.0,0.0,0.0,,0.0
2017-02-10,0.0,0.0,-0.0,0.0,0.0,0.0,,0.0
2017-02-13,-0.0,-0.0,-0.0,0.0,-0.0,0.0,,0.0
2017-02-14,-0.0,0.0,-0.0,-0.0,-0.0,0.0,,0.0
2017-02-15,0.0,0.0,-0.0,-0.0,-0.0,0.0,,0.0
2017-02-16,0.0,0.0,0.0,-0.0,-0.0,-0.0,,-0.0
2017-02-17,-0.0,-0.0,0.0,-0.0,0.0,0.0,,-0.0
2017-02-20,0.0,0.0,0.0,-0.0,0.0,-0.0,,-0.0
2017-02-21,0.0,0.0,-0.0,0.0,0.0,0.0,,-0.0
2017-02-22,0.0,-0.0,-0.0,-0.0,0.0,0.0,,-0.0
2017-02-23,0.0,0.0,-0.0,0.0,0.0,0.0,,-0.0
2017-02-24,0.0,0.0,-0.0,0.0,0.0,0.0,,-0.0
2017-02-27,0.0,-0.0,-0.0,-0.0,0.0,0.0,,-0.0
2017-02-28,0.0,-0.0,0.0,-0.0,0.0,-0.0,,-0.0
2017-03-01,0.0,-0.0,0.0,-0.0,0.0,-0.0,,0.0
2017-03-02,0.0,-0.0,0.0,-0.0,0.0,0.0,,0.0
2017-03-03,0.0,-0.0,0.0,-0.0,0.0,0.0,,0.0
2017-03-06,0.0,-0.0,0.0,-0.0,0.0,0.0,,0.0
2017-03-07,0.0005959463297626755,-0.0,0.0,-0.0,-0.008450224501034387,0.0,,0.0
2017-03-08,-0.0,-0.0,0.0,-0.010439464731926251,0.0,0.0,,0.0
2017-03-09,0.0,-0.0,0.0,-0.0,0.0,-0.0,,0.0
2017-03-10,0.0,-0.0,0.0,-0.0,0.0,0.0,,0.0
2017-03-13,0.0,-0.0,-0.008329201194203883,-0.0,0.0,-0.0,,0.0
2017-03-14,0.0,-0.0,0.0,-0.0,0.0,-0.0,,0.0
2017-03-15,0.0,0.0,0.0,0.0,-0.0,-0.0,,-0.0
2017-03-16,0.0,0.023324420220587228,-0.00268709590308458,0.0,-0.0,-0.0,,-0.0
2017-03-17,0.0,0.0,-0.0,0.0,-0.0,-0.0,,-0.0
2017-03-20,0.0,0.0,-0.0,0.0,-0.0,-0.0,,-0.0
2017-03-21,0.0,0.0,-0.0,0.0,-0.0,-0.0,,-0.0
2017-03-22,-0.0,-0.0,-0.0,0.0,0.0,-0.0,,-0.0
2017-03-23,-0.0,-0.0,-0.0,0.0,0.0,-0.0,,-0.0
2017-03-24,0.007870328421026418,-0.0,-0.0,0.0,0.0,-0.0,,-0.0
2017-03-27,-0.0,-0.0,-0.0,0.0,0.0,-0.0,,-0.0
2017-03-28,-0.0,-0.0,0.0,-0.0,0.0,-0.0,,-0.0
2017-03-29,-0.0,-0.0,0.0,-0.0,-0.0,0.0047509795615213735,,-0.002023016188823279
2017-03-30,0.0,0.0,-0.0,-0.0,-0.0,0.0,,0.0
2017-03-31,-0.0,0.0,-0.0,0.0,-0.0,0.0,,0.0
2017-04-03,-0.0,-0.0,-0.0,-0.0,0.0,0.016282178870420716,,0.002156451679864113
2017-04-04,-0.0,-0.0,-0.0,-0.0,0.0,0.0,,-0.0
2017-04-05,-0.0,-0.0,-0.0,0.0,0.0,0.0,,-0.0
2017-04-06,-0.0,-0.0,-0.0,0.0,0.0,0.0,,-0.0
2017-04-07,-0.0,-0.0,0.0,-0.0,0.0,0.0,,-0.0
2017-04-10,-0.0,-0.0,-0.0,-0.0,-0.0,0.0,,0.0
2017-04-11,-0.0,-0.0,-0.0,0.0,-0.0,0.0,,-0.0
2017-04-12,-0.0,-0.0,-0.0,0.0,-0.0,-0.0,,-0.0
2017-04-13,-0.0,0.0,-0.0,0.0,-0.0,0.0,,-0.0
2017-04-14,0.0055242167631904815,0.012104684892461304,-0.0,0.0,-0.0,-0.0,,-0.0
2017-04-17,0.0,0.0,-0.0,0.0,-0.0,-0.0,,-0.0
2017-04-18,0.0,0.0,-0.0,0.0,0.0,-0.0,,-0.0
2017-04-19,0.0,-0.0,-0.0,0.0,0.01742217955698111,-0.0,,-0.0
2017-04-20,0.0,-0.0,-0.0,0.0,0.0,-0.0,,0.0
2017-04-21,0.0,-0.0,-0.0,0.0,0.0,-0.0,,0.0
2017-04-24,0.0,-0.0,0.0,0.0,0.0,-0.0,,0.0
2017-04-25,0.0,-0.0,0.018255205296358712,-6.957244624550274e-05,0.0,-0.0,,0.0
2017-04-26,0.0,-0.0,0.0,0.0,0.0,-0.0,,0.0
2017-04-27,0.0,-0.0,0.0,0.0,0.0,-0.0,,0.0
2017-04-28,0.0,-0.0,0.0,0.0,0.0,-0.0,,0.0
2017-05-01,0.0,-0.0,-0.0,0.0,-0.013308122325659033,0.0,,0.0
2017-05-02,0.0,0.0,-0.0,-0.007673920505182785,0.0,-0.0,,0.0
2017-05-03,0.0,-0.0,-0.0,0.0,0.0,0.0,,0.0
2017-05-04,0.0,-0.0,0.0,-0.0013795992782845712,0.0,-0.0,,0.0
2017-05-05,-0.0,-0.0,0.0,0.0,0.0,-0.0,,0.0
2017-05-08,-0.0,-0.0,-0.0,0.0,0.0,0.0,,0.0
2017-05-09,0.024686876723369222,-0.0,-0.0,-0.0,0.0,0.0,,0.0
2017-05-10,-0.0,-0.007803267640356104,-0.0,0.0,-0.0,0.0,,0.0
2017-05-11,-0.0,-0.0,-0.0,-0.0,-0.0,0.0,,0.0
2017-05-12,0.0,-0.0,-0.0,-0.0,0.0,0.0,,0.0
2017-05-15,-0.0,0.003506133555684965,0.0,-0.0,-0.0,-0.0,,0.0
2017-05-16,0.0,0.0,0.0,-0.0,-0.0,-0.0,,0.007502510313760924
2017-05-17,0.0,0.0,0.0,0.0,-0.0,-0.0,,-0.0
2017-05-18,-0.0,0.0,0.0,0.0,-0.0,-0.0,,-0.0
2017-05-19,-0.0,0.0,0.0,0.0,-0.0,-0.0,,-0.0
2017-05-22,-0.0,0.0,0.0,0.0,-0.0,-0.0,,-0.0
2017-05-23,-0.0,0.0,-0.0057011087727206755,0.0,-0.0,-0.0,,-0.0
2017-05-24,-0.0,0.0,0.0,0.0,-0.0,-0.006141533039859648,,0.0
2017-05-25,-0.0,0.0,0.0,0.0,-0.0,-0.0,,0.0
2017-05-26,-0.0,-0.0,0.0,-0.0,-0.0,0.0,,0.0
2017-05-29,-0.0,-0.0,-0.005871703408878215,-0.0,-0.0,0.0,,-0.0
2017-05-30,-0.0,-0.0,0.0,-0.0,-0.0,-0.0,,-0.0
2017-05-31,-0.0,-0.0,-0.008577891347329003,-0.0,0.0,-0.0,,-0.0
2017-06-01,-0.0,-0.0,0.0,-0.0,0.0,-0.0,,-0.0
2017-06-02,0.0,0.0,-0.003068965086616582,0.0,0.0,-0.0,,-0.0
2017-06-05,0.0,0.0,0.0,0.0,0.0,-0.0,,-0.0
2017-06-06,0.0,0.0,0.0,0.0,-0.0,-0.0,,-0.0
2017-06-07,0.0,0.0,-0.0,0.0,0.0,-0.0,,-0.0
2017-06-08,0.0,0.0,-0.0,0.0,-0.0,-0.0,,-0.0
2017-06-09,0.0,0.0,0.0,-0.0,-0.0,0.0,,-0.0
2017-06-12,-0.0,0.0,0.0,-0.0,-0.0,0.0,,-0.0
2017-06-13,-0.0,0.0,0.0,-0.0,-0.0,0.0,,0.00594148039617759
2017-06-14,-0.0,-0.005129042728000299,0.0,-0.0,-0.0,0.0,,-0.0
2017-06-15,-0.0,0.0,0.0,-0.0,-0.0,0.0,,0.0
2017-06-16,-0.0,0.0,-0.0,0.0050447612526759444,-0.0,0.0,,0.0
2017-06-19,-0.0,0.0,-0.0,0.0,-0.007955523589548985,0.0,,0.0
2017-06-20,0.0,0.0,0.0,-0.0,0.0,0.0,,0.0
2017-06-21,0.0,0.00474622899246524,0.0,-0.0,0.0,0.0,,0.0
2017-06-22,-0.0,-0.0,0.0,-0.0,-0.0,-0.0,,0.0
2017-06-23,-0.0,0.007036021834746942,0.0,-0.0,0.004324201299013342,-0.0,,0.0
2017-06-26,0.0,-0.0,0.0,-0.0,0.0,-0.0,,0.0
2017-06-27,-0.0,0.0,0.0,0.014652283750454798,-0.0,-0.0,,0.0
2017-06-28,-0.0,0.0,-0.0,0.0,-0.0,-0.0,,0.0
2017-06-29,0.0,0.0,0.0,0.0,-0.0,-0.0,,0.0
2017-06-30,-0.0,0.0,-0.0,0.0,-0.0,-0.0,,0.0
2017-07-03,-0.0,0.0,-0.0,0.0,-0.0,-0.0,,0.0
2017-07-04,-0.0,0.0,-0.0,0.0,-0.0,0.00540950977641097,,0.0
2017-07-05,-0.0,-0.0,-0.0,0.0,-0.006545528177256399,0.0,,0.0
2017-07-06,-0.0,0.012923115349310565,0.0,-0.0,-0.0,0.0,,0.0
2017-07-07,-0.0,-0.0,0.0,-0.0,-0.0,0.0,,0.0
2017-07-10,-0.0,-0.0,0.0,-0.0,-0.0,0.0,,-0.005189933624878629
2017-07-11,0.0035167060479470713,0.0,0.0,-0.0,-0.0011570525262005749,-0.0,,0.0
2017-07-12,-0.0,0.0,0.0,-0.0,-0.0,0.0,,-0.0
2017-07-13,-0.0,0.0,0.0,-0.0,-0.0,0.0,,0.0
2017-07-14,0.0,0.0,-0.0,0.0,-0.0,-0.0,,0.011710572860612611
2017-07-17,0.0,0.0,-0.0,0.0,-0.0,-0.0,,-0.0
2017-07-18,0.0,0.0,0.0071582663988309925,0.0,-0.0,-0.0,,-0.0
2017-07-19,0.0,0.0,-0.0,0.0,-0.011869770457224482,-0.0,,-0.0
2017-07-20,0.0,-0.029062717225140977,0.0,0.0,-0.0,-0.0,,-0.0
2017-07-21,0.0,0.0,0.0,0.00786569279137228,-0.008586302355673259,-0.0,,-0.0
2017-07-24,0.0,0.0,0.0,-0.0,-0.0,-0.0,,-0.0
2017-07-25,-0.0,0.0,0.0,-0.0,-0.0,-0.0026856574647117215,,-0.0
2017-07-26,-0.0,0.0,0.0,0.0,-0.0,-0.0,,-0.0
2017-07-27,-0.0,0.0,0.003073430230628782,0.0,-0.0,0.015033012693768666,,-0.0
2017-07-28,0.0,0.0,-0.0,0.0,-0.0,0.0,,-0.0
2017-07-31,0.0,0.0,0.0,0.0,-0.0,0.0,,-0.0
2017-08-01,0.0,0.0,-0.0,0.0,0.0,0.0,,-0.0
2017-08-02,0.0,0.0042498305463957164,0.0,0.0,0.0,0.0,,-0.0
2017-08-03,0.0,-0.0,0.0,0.0,0.0,0.0,,-0.0
2017-08-04,0.0,-0.0,0.0,-0.0,0.0,0.0,,0.0
2017-08-07,0.0,-0.0,0.0,-0.0,0.0,0.0,,0.0
2017-08-08,0.0,-0.0,0.0,-0.0,0.0,0.0,,-0.0
2017-08-09,0.0,-0.0,0.0,-0.0,0.0,-0.0,,-0.0
2017-08-10,0.0,-0.0,-0.0042763140373633934,-0.0,0.0,-0.0,,-0.0
2017-08-11,0.0,-0.0,0.0,-0.0,0.0,-0.0,,-0.0
2017-08-14,-0.0,-0.0,0.0,-0.0,0.0,-0.0,,-0.0
2017-08-15,-0.0,-0.0,0.0,-0.0,0.0,-0.0,,0.0
2017-08-16,-0.0,0.0,0.0,-0.0,-0.0,0.0,,0.0
2017-08-17,-0.0,0.0,0.0,-0.0,-0.0,0.0,,0.0
2017-08-18,-0.0,0.0,0.0,-0.0,-0.0,0.0,,-0.0
2017-08-21,-0.0,0.0,0.0,-0.0,-0.0,-0.0,,-0.0
2017-08-22,-0.0,0.0,0.0,-0.0,-0.0,-0.0,,-0.0
2017-08-23,-0.0,-0.0,0.0,-0.0,-0.0,-0.0,,-0.0
2017-08-24,-0.0,0.0,0.0,-0.0,-0.0,0.0,,-0.0
2017-08-25,-0.0,0.0,0.0,0.0,-0.0,-0.0,,0.0
2017-08-28,-0.0,0.0,0.0,0.0,-0.0,-0.0,,0.0
2017-08-29,0.0,0.0,0.0,0.0,-0.0,-0.0,,0.0
2017-08-30,0.0,-0.0,-0.0,0.0,0.0,-0.0,,0.0
2017-08-31,0.0,0.0,-0.0,0.0,-0.0,-0.0,,0.0
2017-09-01,-0.0,0.0,-0.0,0.0,-0.0,0.0,,0.0
2017-09-04,-0.0,-0.0,-0.0,-0.0,-0.0,0.0,,0.0
2017-09-05,-0.0,0.0,-0.0,0.0,-0.0,-0.0,,-0.0
2017-09-06,-0.0,0.0,-0.0,0.0,-0.0,-0.0,,-0.0
2017-09-07,-0.0,0.0,-0.0,0.0,-0.0,-0.0,,-0.0
2017-09-08,-0.008517312683074874,0.0,-0.0,0.0,-0.0,-0.0,,-0.0
2017-09-11,-0.0,0.0,-0.0,0.0,-0.0,-0.0,,-0.0
2017-09-12,-0.0,0.0,-0.0,0.0,-0.0,0.0,,0.0
2017-09-13,-0.005977032060488163,-0.0,-0.0,0.0,-0.003871029009578031,0.0,,0.0
2017-09-14,-0.0,0.005431939117118478,-0.0,0.0,0.0,0.012309722503027754,,0.015759133272807424
2017-09-15,-0.0,-0.0,-0.0,0.0,0.0,0.0,,0.0
2017-09-18,0.0,-0.0,-0.0,0.0,0.0,0.0,,0.0
2017-09-19,0.0,-0.0,-0.0,-0.015398352666962656,0.0,0.0,,0.0
2017-09-20,0.018247233047077094,0.0,-0.0,0.0,0.0,0.0,,0.0
2017-09-21,0.0,-0.0,-0.011654647562016396,-0.013510753029480238,0.0,0.0,,0.0
2017-09-22,0.0,-0.0,0.0,-0.0,0.0,0.0,,0.0
2017-09-25,0.0,-0.0,-0.0,-0.0,0.0,0.0,,-0.0014987916875299767
2017-09-26,-0.0,-0.0,-0.0,-0.0,0.0,0.0,,0.0
2017-09-27,-0.0,-0.0,-0.00450381182776427,-0.0,0.0,0.0,,0.0
2017-09-28,-0.0,-0.0,-0.0,0.01009861848619864,0.0,-0.0,,-0.0
2017-09-29,-0.0,-0.0,-0.0,-0.0,0.0,-0.0,,0.0
2017-10-02,-0.0,-0.0,0.0,-0.0,0.0,0.0,,0.0
2017-10-03,0.0,-0.0,0.0,-0.0,0.0,0.0,,0.0
2017-10-04,0.0,0.002049360259669175,0.0,-0.0,-0.0,0.0,,0.0006418948293953619
2017-10-05,0.0,-0.0,0.0,-0.0,0.0,0.0,,0.0
2017-10-06,-0.0,-0.008820044772750002,0.0,-0.0,0.0,0.0,,0.0
2017-10-09,-0.0,-0.0,0.0,-0.0,0.0,0.0,,-0.0
2017-10-10,-0.0,-0.0,0.0,-0.0,0.0,0.0,,-0.0
2017-10-11,-0.0,-0.0,0.0,-0.0,-0.0,-0.0,,-0.0
2017-10-12,-0.0,0.003150144436018909,-0.0,0.0,-0.0,-0.0,,-0.0
2017-10-13,0.0,0.0,-0.0,0.0,-0.0,-0.0,,-0.0
2017-10-16,0.0,0.0,-0.0,0.0,-0.0,-0.0,,-0.0
2017-10-17,0.0,0.0,-0.0,-0.0,0.0,0.0,,-0.0
2017-10-18,0.0,0.0,-0.0,-0.0,0.0,0.0,,0.0
2017-10-19,0.0,0.0,0.0,-0.0,0.0,0.0,,0.0
2017-10-20,0.0,-0.0,0.0,-0.0,0.0,0.0,,0.0
2017-10-23,0.0,-0.0,0.0,-0.0,0.0,0.0,,0.0
2017-10-24,0.0,-0.0,0.0,-0.0,0.0,0.0,,0.0
2017-10-25,0.0,-0.0,-0.0,0.0,0.0,0.0,,0.0
2017-10-26,0.0,-0.0,-0.0,0.0,0.0,0.0,,0.0
2017-10-27,-0.0,-0.0,-0.0,-0.0,0.0,0.0,,0.0
2017-10-30,-0.0,-0.0,-0.0,0.0,0.0,0.0,,-0.0
2017-10-31,0.0,-0.0,-0.0,0.0,0.0,-0.006597724814173533,,0.002243743844258961
2017-11-01,0.0,-0.0,-0.0,-0.0,-0.005418905828343146,0.0,,0.0
2017-11-02,0.0,0.007511134781112094,0.0,-0.0,-0.0,0.0,,-0.000980024053696682
2017-11-03,-0.0,-0.0,0.0,-0.0,-0.0,0.0,,0.0
2017-11-06,-0.0,0.0,-0.0,-0.0,-0.0,0.0,,0.0
2017-11-07,-0.0,-0.0,0.0,-0.0,-0.0,-0.001974176360551305,,0.0
2017-11-08,-0.0,-0.0,0.0,-0.0,-0.0,-0.0,,0.0027094241352552118
2017-11-09,-0.0,-0.0,-0.0,0.0,-0.0,-0.0,,-0.0
2017-11-10,-0.0,0.0,-0.0,0.0,-0.0,-0.0,,-0.0
2017-11-13,-0.0,-0.0,0.0,-0.0,0.0,-0.0,,-0.0
2017-11-14,-0.0,-0.0,0.0,0.0,-0.0,-0.0,,-0.0
2017-11-15,-0.0,-0.0,0.0,0.0,0.0,-0.0,,-0.0
2017-11-16,-0.0,-0.0,0.0,0.0,0.0,0.0,,-0.0
2017-11-17,-0.0,-0.0,0.0,0.0,0.0,-0.0,,-0.0
2017-11-20,-0.0,-0.0,-0.0,0.0,0.0,-0.0,,-0.0
2017-11-21,-0.0,-0.0,-0.0,0.0,0.0,0.0,,-0.0
2017-11-22,-0.0,0.0,-0.0,0.0,-0.0,-0.0,,-0.0
2017-11-23,0.0,0.0,-0.0,0.0,-0.0,-0.0,,-0.0
2017-11-24,0.0,0.0,0.0,0.0,-0.0,-0.0,,-0.0
2017-11-27,0.0,0.0,0.0,0.0,-0.0,-0.0,,-0.0
2017-11-28,0.0,0.0,0.0,0.0,0.0,-0.0,,-0.0
2017-11-29,0.0,-0.0,-0.0,-0.006461685972569242,0.0,0.0,,0.0064061799917488615
2017-11-30,0.0,-0.0,-0.0,0.0,0.0,0.0,,0.0
2017-12-01,-0.0,-0.0,-0.0,-0.01083606937030035,-0.0,-0.0,,0.0
2017-12-04,-0.0,-0.0,-0.0,0.0,-0.0,0.0,,0.011689546304467169
2017-12-05,-0.0,0.0,-0.0,0.0,-0.0,0.0,,0.0
2017-12-06,-0.0,-0.0,-0.0,0.0014068480004415518,-0.0,0.0,,0.0
2017-12-07,-0.0,-0.0,-0.0,-0.0,-0.0,0.0,,0.0
2017-12-08,-0.0,-0.0,-0.0,-0.0,0.0,0.016677851371173502,,0.0
2017-12-11,0.0,-0.0,0.0,-0.0,0.0,0.0,,0.0
2017-12-12,0.0,-0.0,0.0,-0.0,0.0,0.0,,0.0
2017-12-13,0.0,0.0,0.0,0.0,0.0,-0.0,,0.0
2017-12-14,0.0,0.02029252300075124,0.003753092399766733,-0.0,-0.0,-0.0,,-0.0
2017-12-15,0.0,0.0,0.0,-0.0,0.0,-0.0,,-0.0
2017-12-18,0.0,0.0,-0.0,0.0,0.0,-0.0,,-0.0
2017-12-19,0.0,0.0,0.0,0.0,0.0,-0.0,,-0.0
2017-12-20,0.0,0.0,0.0,-0.0,0.0,0.0,,0.0
2017-12-21,-0.000414840282361828,0.0,0.0,-0.0,-0.0,-0.0,,0.0
2017-12-22,-0.0,0.0,0.0,0.0,-0.0,-0.0,,0.0
2017-12-26,-0.0,0.0,0.0,-0.0,-0.0,0.0,,0.0
2017-12-27,-0.0,0.0,0.0,0.0,-0.0,0.0,,0.0
2017-12-28,-0.0,0.0,0.0,0.0,-0.0,-0.0,,-0.0
2017-12-29,0.0,-0.013863312005312212,0.0,0.0,-0.0,-0.0,,-0.0
2018-01-02,-0.0,0.0,-0.0,0.0,-0.0,-0.0,,-0.0
2018-01-03,0.0,0.0,0.0,0.0,-0.0,-0.0,,-0.0
2018-01-04,-0.0,0.0,0.0,0.0,-0.0,-0.0,,-0.0
2018-01-05,-0.0,0.0,-0.0,0.0,-0.012548461390862853,-0.0,,0.0
2018-01-08,-0.0,0.0,-0.0,0.0,-0.0,0.0024460916223043583,,0.0
2018-01-09,-0.0,-0.0,-0.0,0.0036111883592465643,-0.0,0.0,,0.0
2018-01-10,0.0,0.0,-0.0,-0.0,0.0,0.0,,-0.0
2018-01-11,0.0,0.0,-0.0,-0.0,0.0025853657212309145,0.0,,-0.0
2018-01-12,0.0,0.0,0.0,0.0,0.0,-0.0,,-0.0
2018-01-15,0.0,0.0,0.0,0.0,0.0,-0.0,,-0.0
2018-01-16,0.0,0.0,0.0,0.0,-0.0,-0.0,,-0.0
2018-01-17,0.0,0.0,-0.0,0.0,-0.0,-0.0,,-0.0012038839899882747
2018-01-18,0.0,0.0,-0.0,0.0,-0.0,-0.0,,-0.0
2018-01-19,0.0,0.0,-0.0,-0.009592697673382111,0.0,-0.0048744823168402895,,-0.0
2018-01-22,0.0,0.0,-0.0,0.0,0.0,-0.0,,0.0
2018-01-23,0.0,0.0,-0.0,0.0,-0.0,-0.0,,-0.0
2018-01-24,0.0,0.0,-0.0,0.0,-0.0,-0.0,,-0.0
2018-01-25,-0.0,0.0,-0.0,0.0,-0.0,-0.01884462042161128,,-0.0
2018-01-26,-4.680966884162974e-05,0.0,-0.0,0.0,-0.0,-0.0,,-0.0
2018-01-29,0.0,0.0,0.0036675279665662197,0.0,-0.0,-0.0,,-0.0
2018-01-30,0.0,0.0,-0.0,0.0,-0.0,-0.0,,-0.0
2018-01-31,-0.0,-0.0,0.004085856019715672,-0.0,-0.0,-0.014180262579899239,,-0.00026767121469484234
2018-02-01,-0.0,0.0,0.0,0.0,-0.0,-0.0,,-0.0
2018-02-02,-0.0,-0.0,0.0,-0.0,0.0,-0.0,,0.0
2018-02-05,-0.0,-0.0,0.0,-0.0,0.0,-0.0,,0.0
2018-02-06,-0.0,-0.0,0.0,-0.0,0.0,0.0,,0.0
2018-02-07,-0.0,-0.0,0.0,-0.0,0.0,0.0,,0.0
2018-02-08,-0.0,-0.0,0.0,-0.0,0.0,0.0,,-0.0
2018-02-09,-0.0,-0.0,0.0,-0.0,0.0,0.0,,-0.0
2018-02-12,0.0,-0.0,0.0,-0.0,0.0,0.0,,-0.0
2018-02-13,0.0,-0.0,0.0,-0.0,0.0,-0.0,,-0.0
2018-02-14,0.0,0.0,0.0,0.0,-0.0,-0.0,,-0.0
2018-02-15,0.0,0.0,0.0,0.0,-0.0,-0.0,,-0.0
2018-02-16,0.0,0.0,-0.0,0.0,-0.0,-0.0,,-0.0
2018-02-19,0.0,0.0,-0.0,0.0,-0.0,-0.0,,-0.0
2018-02-20,0.0,0.0,-0.0,0.0,0.0,0.0,,-0.0
2018-02-21,0.0,-0.0,-0.0,-0.0,0.0,0.0,,0.007345065843638476
2018-02-22,0.0,-0.0,-0.0,-0.0,0.0,0.0,,0.0
2018-02-23,-0.0,-0.0,-0.0,-0.0,0.0,0.0,,0.0
2018-02-26,0.0,-0.0,-0.0,-0.0,0.0,0.0,,0.0
2018-02-27,-0.0,-0.0,-0.0,-0.0,0.0,0.0,,0.0
2018-02-28,0.0,-0.0,0.0,-0.0,-0.010060142216124501,0.0,,-0.0
2018-03-01,-0.0,-0.0,0.0,-0.0,0.0,0.0,,-0.0
2018-03-02,0.0,-0.0,0.0,-0.0,0.0,0.0,,-0.0
2018-03-05,0.0,-0.0,0.0,-0.0,0.0,0.0,,-0.0
2018-03-06,0.0,0.0,0.0,-0.0,-0.007832615721454106,0.0,,-0.0
2018-03-07,0.0,0.0,0.0,0.0,0.0,-0.0,,-0.0
2018-03-08,0.0,0.0,0.0,0.0,0.0,0.0,,-0.0
2018-03-09,0.0,0.0,-0.0,0.0,-0.0,0.0,,0.0
2018-03-12,-0.004250338595153336,0.0,-0.0,0.0,-0.0,0.0,,0.0
2018-03-13,0.0,0.0,-0.0,0.0,0.0,0.0,,0.0
2018-03-14,0.0,0.0,-0.0,0.0,0.0,0.0,,0.0
2018-03-15,0.0,0.0,-0.0,0.0,0.0,-0.00015886414850985187,,0.0
2018-03-16,0.0,-0.0,-0.0,0.0,0.0,0.0,,-0.0
2018-03-19,0.0015512358426043038,-0.0,-0.0,0.0,0.0,0.0,,-0.0
2018-03-20,-0.0,-0.0,-0.0,0.0,0.0,0.0,,0.0
2018-03-21,-0.0,-0.0,-0.0,0.0,-0.0,0.0,,-0.0
2018-03-22,-0.0,-0.0,-0.0,0.0,-0.0,-0.0,,-0.0
2018-03-23,-0.0,-0.0021318418814891826,-0.0,0.0,0.015390886511382429,-0.0,,-0.0
2018-03-26,-0.0,0.0,-0.0,0.0,-0.0,-0.0,,-0.0
2018-03-27,-0.0,-0.0005905391774719826,0.0016167221999827674,0.0,-0.0,-0.0,,-0.0
2018-03-28,-0.0,-0.0,0.0,0.004217535722251586,0.0,0.0,,0.0
2018-03-29,-0.0,-0.0,0.0,-0.0,-0.0,0.0,,0.0
2018-03-30,-0.0,-0.0,0.0,-0.0,0.0,0.0,,0.014776188740427076
2018-04-02,-0.0,-0.0,0.0,0.012893933958942005,0.0,0.0,,0.0
2018-04-03,-0.0,0.0,-0.0,-0.0,-0.0,0.0,,0.0
2018-04-04,-0.0,0.0,-0.0,0.0,-0.0,0.0,,-0.0
2018-04-05,-0.0,0.0,-0.0,-0.0,-0.0,0.0,,0.0
2018-04-06,-0.0,-0.0,-0.0,0.0,-0.0,0.0,,0.0
2018-04-09,-0.0,0.0,-0.0,0.0,-0.0,0.0,,0.0
2018-04-10,-0.0,0.0,-0.0,0.0,-0.0,-0.0,,0.0
2018-04-11,-0.0,0.0,-0.0,0.0,-0.0,-0.0,,0.0
2018-04-12,-0.0,0.0,-0.0,0.0,-0.0,0.0014791835224056138,,-0.0
2018-04-13,-0.0,0.0,-0.0,0.0,-0.0,0.0,,0.0
2018-04-16,0.0,0.0,-0.0,0.0,-0.010395586023259518,0.0,,0.0
2018-04-17,-0.0,0.0,-0.0,0.0,-0.0,0.0,,-0.0
2018-04-18,0.0,0.0,-0.0,0.0,0.0,0.0,,0.0
2018-04-19,0.0,-0.0,0.0,-0.0,0.0,0.0,,0.0
2018-04-20,-0.0,-0.0,0.0,-0.0,0.0,0.0,,0.0
2018-04-23,-0.0,-0.0,0.0,0.02796200006268812,0.0,0.0,,0.0
2018-04-24,0.0,-0.0,0.0,-0.0,0.0,-0.012986891204111783,,0.0
2018-04-25,-0.0,-0.0,0.0,-0.0,0.0,0.0,,0.0
2018-04-26,-0.0,-0.0,-0.0,-0.0,0.0,0.0,,0.0
2018-04-27,-0.0,-0.0,0.0,-0.0,0.0,0.0,,0.0
2018-04-30,-0.0,-0.009985129997257869,0.0,-0.0,-0.0,0.0,,-0.005774149859361644
2018-05-01,-0.0,-0.0,0.0,-0.0,0.0,0.0,,0.0
2018-05-02,-0.0,-0.009570008691414333,0.0,-0.0,0.0,0.0,,0.0
2018-05-03,-0.0,-0.0,0.0,-0.0,-0.0,0.0,,-0.0
2018-05-04,-0.0,-0.0,0.0,-0.018178289445055507,0.0,0.0,,0.0
2018-05-07,0.0,-0.002106052394070357,0.0,-0.0,0.0,0.0,,-0.0
2018-05-08,0.0028163076079850136,-0.0,-0.0,-0.0,0.0,0.0,,0.0067040502585390405
2018-05-09,-0.0,-0.0,-0.0,-0.0,-0.0,0.0,,-0.0
2018-05-10,-0.0,-0.0,-0.0,-0.0,-0.0,0.0,,0.0
2018-05-11,-0.0,0.0,0.0025868385260412463,0.0,-0.0,0.0,,0.0
2018-05-14,-0.0,0.0,0.0,-0.0,-0.0,-0.0,,0.0
2018-05-15,-0.0,0.0,0.0,-0.0,-0.0,-0.0,,0.0
2018-05-16,0.0026820113320276118,0.0,0.0,-0.0,-0.0,-0.0,,0.0
2018-05-17,0.0,-0.0,-0.0,-0.0,0.0,-0.0,,0.0
2018-05-18,0.0,-0.0,-0.0,-0.0,0.0,-0.0,,0.0
2018-05-21,0.0,0.0,-0.0,-0.0,-0.0,-0.0,,0.0
2018-05-22,0.0,0.0,0.0,-0.0,-0.0,-0.0,,0.0
2018-05-23,0.0,0.0,0.0,-0.0,0.0,-0.0,,-0.0
2018-05-24,0.0,0.0,0.0,-0.0,0.0,-0.0,,-0.0
2018-05-25,0.0,0.0,0.0,-0.0,0.0,-0.0,,-0.0
2018-05-28,0.0,-0.0,-0.0,-0.0,0.0,-0.0,,-0.0
2018-05-29,0.0,-0.0,-0.0,-0.0,0.0,-0.0,,-0.0
2018-05-30,0.0,0.0,0.0,-0.0,0.0,-0.0,,-0.0
2018-05-31,0.0,-0.0,0.0,-0.0,0.0,-0.0,,-0.0
2018-06-01,0.0,0.0,-0.0,0.0,-0.0,-0.0,,0.0
2018-06-04,0.0,0.0,0.0,0.0,-0.0,-0.0,,0.0
2018-06-05,0.0,0.0,0.0,0.0,0.003586539805462974,-0.0,,0.0
2018-06-06,0.0,0.0,0.0,0.0,0.0,-0.0,,0.0
2018-06-07,0.0,0.0,-0.0,0.0,0.0,-0.0,,0.0
2018-06-08,0.0,0.0,0.0,0.0,-0.0,-0.0,,0.0
2018-06-11,0.001009511741265512,0.004758975788528685,0.0,0.0,0.0,-0.0,,0.0
2018-06-12,-0.0,-0.0,0.0,-0.0,0.0,0.0,,0.0
2018-06-13,-0.0,0.011997391705728444,0.0,-0.0,0.0,-0.0,,0.0
2018-06-14,-0.0,-0.0,-0.0,-0.0,0.0,0.016744049297322094,,0.0
2018-06-15,-0.0,-0.0,-0.0,-0.0,0.0,0.0,,0.0
2018-06-18,-0.0,-0.0,-0.0,-0.0,0.0,0.0,,0.0
2018-06-19,-0.0,-0.0,0.0,-0.0,0.0,0.0,,-0.0
2018-06-20,-0.0,-0.0,-0.0,-0.0,0.0,0.0,,0.0
2018-06-21,0.0,-0.0,0.0,-0.0,-0.015766135209146936,-0.0,,-0.0
2018-06-22,0.0,0.0,0.0,-0.0,0.0,-0.0,,-0.0
2018-06-25,0.0,-0.0010228877760370958,0.0,0.0,0.0,-0.0,,-0.0
2018-06-26,0.0,0.0,0.0,0.0031723935531613456,0.0,-0.0,,-0.0
2018-06-27,-0.0,-0.0,0.0,-0.0,0.0,0.0,,-0.0
2018-06-28,-0.0,-0.0,0.0,-0.0,-0.0,0.0,,0.0
2018-06-29,-0.0,-0.0,0.0,-0.0,-0.0,0.0,,0.0
2018-07-02,-0.0,-0.0,0.0,-0.0,-0.0,0.0,,0.0
2018-07-03,-0.0,-0.0,0.0,-0.0,-0.0,0.0,,0.0
2018-07-04,-0.0,0.0,-0.0,0.00890105931698626,-0.0,-0.0,,0.0
2018-07-05,-0.0,0.0,0.0010500930216125193,0.0,-0.0,-0.0,,0.0
2018-07-06,-0.0,0.0,-0.0,0.0,-0.0,-0.0,,-0.0
2018-07-09,0.011437638278980145,0.0,0.0,0.0,-0.0,-0.0,,-0.0
2018-07-10,0.0,0.0,0.0,0.0,-0.0,-0.0,,0.0
2018-07-11,0.0,-0.0,0.0,-0.0,0.0,0.0,,0.0
2018-07-12,0.0,0.0,0.0,-0.0,0.0,0.0,,0.0
2018-07-13,0.0,-0.0,-0.0,-0.0,0.0,0.0,,0.0
2018-07-16,-0.0,-0.0,-0.0,-0.0,0.0,0.0,,0.0
2018-07-17,-0.0,-0.0,0.0,-0.0,0.0,0.0,,0.0
2018-07-18,0.0,0.0,0.0,-0.0,-0.0,0.0,,-0.007624073978137247
2018-07-19,0.0,-0.0,0.0,-0.0,0.0,0.003248180006889534,,-0.0
2018-07-20,-0.0,-0.0,0.0,-0.0,-0.0,-0.0,,-0.0
2018-07-23,-0.0,-0.0,0.0,-0.0,0.0,-0.0,,-0.0
2018-07-24,0.0,0.0,9.18273072754161e-05,0.0,-0.0,-0.0,,-0.0
2018-07-25,-0.0,0.0,-0.0,0.0,-0.0,-0.0,,-0.0
2018-07-26,-0.0,0.0,-0.0,0.007208873129263771,-0.0,-0.0,,-0.0
2018-07-27,-0.0,-0.0,-0.0,-0.0,-0.0,0.0,,-0.0
2018-07-30,-0.0,0.0,-0.0,0.0,-0.0,-0.0,,-0.0
2018-07-31,-0.0,0.0,0.0,-0.0,-0.0,-0.0,,0.0
2018-08-01,-0.0,-0.0,-0.0,-0.0,-0.0,0.0,,0.0
2018-08-02,-0.00641178818377075,-0.0,0.0,-0.0,-0.0,0.0,,0.0
2018-08-03,-0.0,-0.0,0.0,-0.0,-0.0,0.0,,0.0
2018-08-06,-0.0,-0.0,0.0,-0.0,-0.0,0.0,,0.0
2018-08-07,0.0,-0.0,0.0,-0.0,0.0,0.0,,-0.0
2018-08-08,0.0,0.0,0.0,-0.0,0.0,0.0,,-0.0
2018-08-09,0.004191558087072833,0.0,0.0,-0.014846555958186292,0.0,-0.0,,-0.0
2018-08-10,-0.0,-0.0,0.0,-0.0,0.0,0.0,,-0.0
2018-08-13,-0.0,-0.0,0.0,-0.014250362561752827,0.0,-0.0,,-0.0
2018-08-14,-0.0,-0.0,0.005243526762372719,-0.0,0.0,-0.0,,-0.0
2018-08-15,-0.0,-0.0,-0.0,-0.0,0.0,0.0,,-0.0
2018-08-16,-0.0,-0.0,-0.0,-0.0,0.0,0.0,,-0.0
2018-08-17,-0.0,0.002705749811713787,0.0,-0.0,-0.0,0.0,,-0.0
2018-08-20,0.002663377000399092,0.0,0.0,0.0,-0.0,-0.0,,-0.0
2018-08-21,0.0,0.0,0.0,0.0,-0.0,-0.0,,-0.0
2018-08-22,0.0,0.0,0.0,0.0,-0.0,-0.0,,-0.0
2018-08-23,-0.0,-0.0,0.0,0.0,-0.0,-0.0,,0.0
2018-08-24,-0.0,0.0,0.0,0.0,-0.0,-0.0,,0.0
2018-08-27,-0.0,0.0,0.0,0.0,-0.0,-0.0,,0.0
2018-08-28,-0.0,-0.0,0.0,-0.0,-0.0,-0.009094504274351767,,0.0
2018-08-29,-0.0,-0.0,0.0,0.0,-0.0,-0.0,,0.0
2018-08-30,-0.0,0.0,-0.0,0.0,-0.0,-0.0,,-0.0
2018-08-31,-0.0,-0.0,0.010392753309184655,0.0,0.0,-0.015203995942578263,,-0.0
2018-09-03,-0.0,-0.0,-0.0,-0.0,0.0,-0.0,,-0.0
2018-09-04,-0.0,-0.0,-0.0,-0.0,0.0,-0.0,,0.0
2018-09-05,0.0,-0.0,0.0,-0.0,0.0,0.0,,-0.0
2018-09-06,0.0,-0.0,0.0,-0.0,0.0,-0.0,,-0.0
2018-09-07,-0.002798921218167938,-0.012245217693268695,-0.0,-0.0,0.0,0.0,,-0.0
2018-09-10,-0.0,-0.0,-0.0,0.0,0.0,0.0,,0.0
2018-09-11,-0.0,-0.00802272242752422,-0.0,0.0,0.009231381177759013,-0.0,,0.0
2018-09-12,-0.0,-0.0,-0.0,0.0,-0.0,-0.0,,-0.0
2018-09-13,-0.0,-0.0,-0.0,0.0,-0.0,0.00030579818509057777,,0.0
2018-09-14,-0.003103690267369563,0.007006877023295499,-0.0,0.0,-0.0,-0.0,,0.0
2018-09-17,-0.0,0.0,-0.0,0.0,-0.0,-0.0,,0.0
2018-09-18,0.007254719982491276,0.0,-0.0,0.0,-0.0,-0.0,,0.0
2018-09-19,0.0,0.0,-0.0,0.0,-0.0,-0.0,,0.0
2018-09-20,0.0,0.0,-0.0,-0.011695121008887255,-0.0,-0.0,,-0.005077983760561344
2018-09-21,0.0,0.0,0.0,0.0,-0.0,-0.0,,0.0
2018-09-24,0.0,0.0,0.0,0.0027037746843254773,-0.0,0.0,,0.0
2018-09-25,0.0,0.0,0.0,0.0,-0.0,0.0,,-0.005438653744703648
2018-09-26,0.0,-0.0,0.0,0.0,0.0,-0.0,,0.0
2018-09-27,-0.0,-0.0,0.0,0.013996814509622313,0.0,0.0,,0.0
2018-09-28,-0.0,-0.0,-0.0,-0.0,-0.0,0.0,,0.0
2018-10-01,-0.0,-0.0,-0.0,-0.0,-0.0,0.0,,-0.009696059624038855
2018-10-02,-0.0,-0.0,-0.0,-0.0,-0.0,0.0,,0.0
2018-10-03,-0.0,-0.0,-0.0,-0.0,-0.0,0.0,,0.0
2018-10-04,-0.0,-0.0,-0.0,-0.0,-0.0,0.0,,-0.0048331397102934215
2018-10-05,-0.0,-0.0,-0.0,0.0,0.0,0.0,,0.0
2018-10-08,-0.00853910772869615,-0.0,-0.0,0.0,0.011525696282285613,0.0,,-0.0
2018-10-09,-0.0,-0.0,-0.0,0.0,0.0,0.0,,-0.0
2018-10-10,0.0,-0.0,-0.0,0.0,0.0,0.0023490088500693895,,0.019928014939509464
2018-10-11,0.0,0.0,-0.0,0.0,0.0,-0.0,,-0.0
2018-10-12,0.0,0.008853509587597785,0.0003377867799402301,0.0,0.0,-0.0,,-0.0
2018-10-15,0.0,0.0,0.0,0.0,0.0,-0.0,,-0.0
2018-10-16,0.0,0.0,0.0,0.0,-0.0,-0.0,,-0.0
2018-10-17,0.0,0.0,0.0,-0.0,-0.0,0.0,,0.0
2018-10-18,0.0,-0.0,0.0,-0.0,0.0,0.0,,0.0
2018-10-19,0.0,0.0,0.0,-0.0,0.0,0.0,,0.0
2018-10-22,0.0,-0.0,0.0,-0.0,0.0,0.0,,0.0
2018-10-23,0.0,-0.0,0.0,-0.0,0.0,0.0,,0.0
2018-10-24,-0.0,-0.0,0.0,-0.0,0.0,0.0,,-0.0
2018-10-25,-0.0,-0.0,0.0,-0.0,-0.0,0.0,,0.0
2018-10-26,-0.0,-0.0,0.0,-0.0,0.0,0.0,,-0.0
2018-10-29,-0.0,-0.0,0.0,-0.0,0.0,0.0,,-0.0
2018-10-30,0.0,0.0,0.0,-0.0,0.0,0.0,,0.0
2018-10-31,0.0,0.0,0.0,-0.008628686685796971,0.0,0.0,,0.0
2018-11-01,0.0,0.0,-0.0,0.0,0.0,0.0,,0.0
2018-11-02,0.0,0.0,-0.0,0.0,-0.0,0.0,,0.0
2018-11-05,0.0,0.0,-0.0,0.0,-0.0,0.0,,0.0
2018-11-06,0.0,0.0,-0.0,0.0,0.0,-0.0,,0.0
2018-11-07,0.0,0.0,-0.0,0.0,-0.0,-0.0,,0.0
2018-11-08,0.0,0.0,-0.0,0.0,0.0,0.0,,0.0
2018-11-09,0.0,0.0,-0.0,0.0,0.0,0.0,,0.0
2018-11-12,0.0,-0.0,-0.0,-0.0,0.0,0.0,,0.0
2018-11-13,-0.004678195013972486,-0.0,-0.0,-0.0,0.0,0.0,,0.0
2018-11-14,0.0,0.006227185634282817,-0.0,-0.0,0.0,0.0,,0.0
2018-11-15,0.0,0.0,0.0,-0.0,0.0,0.0,,-0.0
2018-11-16,0.0,0.0,0.0,-0.0,-0.0,-0.0,,-0.0
2018-11-19,0.0,0.0,0.0,0.0,0.005844011628727719,0.017286514073727943,,-0.0
2018-11-20,0.0,-0.0,0.0,-0.0,0.0,-0.0,,-0.0
2018-11-21,0.0,0.0,0.0,-0.0,-0.0,-0.0,,-0.0
2018-11-22,-0.0,-0.0,-0.0,0.0,0.0,-0.0,,-0.0
2018-11-23,-0.0,0.01413171893439713,-0.0,-0.0,0.0,-0.0,,0.0
2018-11-26,-0.0,-0.0,-0.0,-0.0,0.0,0.0,,0.0
2018-11-27,0.0,0.0,-0.0,-0.0,0.0009524085149836825,0.0,,0.0
2018-11-28,0.0,0.0,-0.0,0.0,0.0,-0.0,,0.0
2018-11-29,0.0,0.0,0.0,-0.0,0.0,0.0,,0.0
2018-11-30,0.0,0.0,0.0,-0.0,0.0,0.0,,0.0
2018-12-03,0.0,0.0,0.0,-0.0,-0.0,-0.0,,0.0
2018-12-04,0.0,0.0,0.0,-0.0,-0.0,-0.0,,-0.0
2018-12-05,0.0,-0.0,0.0,-0.0,0.0,0.0,,-0.0
2018-12-06,-0.0,-0.0,-0.0,-0.0,0.0,-0.0,,-0.0
2018-12-07,-0.0,-0.0,0.0,-0.0,0.0,-0.0,,-0.0
2018-12-10,-0.0,-0.0,0.0,-0.0,0.0,-0.0,,-0.0
2018-12-11,-0.0,-0.0,0.0,-0.0,0.0,-0.0,,0.0
2018-12-12,-0.0,-0.0,0.0,-0.0,0.00024100949193428534,-0.0,,0.0
2018-12-13,-0.0,-0.0,0.0,-0.0,-0.0,0.0,,0.0
2018-12-14,0.0,-0.0,0.0,-0.0,0.0,0.0,,0.0
2018-12-17,-0.0,-0.0,0.00517163601820303,0.004769789906601707,-0.0007173236760333879,0.0,,-0.0
2018-12-18,0.0,-0.0,-0.0,0.0,0.0,-0.0,,-0.0
2018-12-19,-0.0,-0.0,0.0,-0.0,0.0,0.0,0.0,-0.0
2018-12-20,-0.0,-0.0,0.0,0.0,0.0,-0.0,0.0,-0.0
2018-12-21,-0.0,-0.0,0.0,0.0,0.0,-0.0,0.0,-0.0
2018-12-24,-0.0,-0.0,-0.0,0.0,0.0,-0.0,0.0,-0.0
2018-12-26,-0.0,-0.0,0.0,-0.0,-0.007862732952918616,0.0,0.0,-0.0
2018-12-27,-0.0,-0.010793970696547417,0.0,0.0,0.0,-0.0,-0.0,-0.0
2018-12-28,-0.0,-0.0,-0.0,0.0,0.0,-0.0,-0.0,-0.008881793807424043
2018-12-31,0.0,0.0,-0.0,0.0,0.0,-0.0,-0.0,-0.0
2019-01-02,-0.0,-0.0,0.0,-0.0,-0.0,0.0,-0.0,-0.0
2019-01-03,-0.0,-0.0,0.0,-0.0,-0.0,-0.0,-0.0,-0.0
2019-01-04,-0.0,0.012396749117206896,-0.0,0.0,0.018149164273618124,-0.0,-0.0,-0.02232032186456323
2019-01-07,-0.0,0.0,-0.0,0.0,-0.0,-0.00458856625709414,-0.0,-0.0
2019-01-08,-0.0,0.0,0.0,-0.0,-0.0,-0.0,-0.0,-0.0
2019-01-09,-0.0012905517308713366,0.0,0.0,0.0,-0.0,-0.0,-0.0,-0.0
2019-01-10,0.0,0.0,0.0,0.0,-0.0,-0.0,-0.0,0.0
2019-01-11,0.0,0.0,-0.0,0.0,-0.0,-0.0,-0.0,0.0
2019-01-14,0.0,0.0,-0.0,0.0,-0.0,0.0013682743568330658,-0.0,-0.0
2019-01-15,0.0,0.0,-0.0,0.0,-0.0,0.0,-0.0,-0.0
2019-01-16,0.0,-0.0,-0.0,0.0,0.0,0.01625190244352126,-0.007689408438500744,0.0
2019-01-17,0.0,0.0,-0.0,0.0,0.0,0.0,-0.0,0.0
2019-01-18,-0.0,-0.0,-0.0,0.0,0.0,0.0,0.0,0.0
2019-01-21,-0.0,-0.0,-0.0,-0.002457187743809097,0.0,0.0,0.0,0.0
2019-01-22,-0.0,-0.0,-0.011973476953170636,0.0,0.0,0.0,0.0,0.0
2019-01-23,0.0,-0.0,-0.0,0.0,0.0,0.0,0.0,0.0
2019-01-24,-0.0,-0.0,-0.0,-0.00611421660370659,0.0,0.0,0.0,0.0
2019-01-25,-0.0,0.0,-0.0,0.0,-0.0,-0.0,-0.0,-0.0
2019-01-28,-0.0,0.0,-0.0,0.0,-0.0,-0.0,-0.0,-0.0
2019-01-29,-0.0,0.0,-0.0,0.0,-0.0,-0.0,-0.0,0.0
2019-01-30,0.0,0.0,0.0,-0.0037704568975995834,-0.0,-0.0,-0.0,-0.0
2019-01-31,0.0,0.0,0.0,0.0,-0.0,-0.0,-0.0,-0.0
2019-02-01,0.0,0.0,0.0,-0.0,-0.0,0.0,0.0,-0.0
2019-02-04,-0.0,0.0,0.0,-0.0,-0.0,0.0,0.0,0.0
2019-02-05,0.0,0.0,0.0,-0.0,-0.0,0.0,0.0,0.0
2019-02-06,-0.0,-0.0,0.0,-0.0,0.0,0.0,0.0,0.0
2019-02-07,-0.0,0.02389935438362445,0.0,-0.0,0.0,0.0,0.0,0.0
2019-02-08,-0.0,-0.0,-0.0,-0.0,0.0,0.0,0.0,0.0
2019-02-11,-0.0,-0.0,-0.0,-0.0,0.0,0.0,0.0,0.0
2019-02-12,-0.0,-0.0,-0.0,-0.0,0.0,0.0,0.0,0.0
2019-02-13,0.0009061892707504793,-0.0,-0.0,-0.0,0.0,0.0,0.0,0.0
2019-02-14,-0.0,0.0,0.0,-0.0,-0.0,0.0,-0.0,0.0
2019-02-15,0.0,0.0,0.0,-0.0,-0.0,0.0,-0.0,0.0
2019-02-18,0.004798397951349953,0.0,-0.0,0.0,-0.0,0.0,-0.0,0.0
2019-02-19,0.0,0.0,-0.0,0.0,-0.0,-0.0,-0.0,0.0
2019-02-20,0.0,0.0,-0.0,0.0,-0.0,-0.0,-0.0,0.0013738960294961133
2019-02-21,-0.0,-0.0,-0.0,0.0,-0.0,-0.0,-0.0,0.0
2019-02-22,-0.0,-0.0,-0.0,0.0,-0.0,-0.0,-0.0,0.0
2019-02-25,0.0,0.0,-0.0,0.0,-0.0,-0.0,-0.0,0.0
2019-02-26,0.0,0.0,-0.0,0.0,-0.0,-0.0,-0.0,-0.0
2019-02-27,-0.0,-0.0,-0.0,0.0,-0.0,0.0,-0.005464682846327618,0.0
2019-02-28,-0.0,0.0,-0.0,0.0,-0.0,-0.0,-0.0,0.0
2019-03-01,0.0,-0.0,-0.0,0.0,0.0,-0.0,0.0018173390793041477,0.0
2019-03-04,-0.0,-0.0,-0.0,0.0,0.0,-0.0,0.0,0.0
2019-03-05,-0.0,-0.0,-0.0015619988020447728,0.005468211788480448,0.0,0.0,0.0,0.0
2019-03-06,0.0,-0.0,0.0,-0.0,0.0,0.0,0.0,0.0
2019-03-07,0.010361763412195746,-0.0,-0.0,-0.0,0.0,0.0,0.0,0.0
2019-03-08,0.0,-0.0,0.0,-0.0,0.0,0.0,0.0,0.006892741219117315
2019-03-11,0.0,-0.0,-0.0,0.0,0.0,0.0,0.0,-0.0
2019-03-12,-0.0,-0.0,0.0,-0.0,0.0,0.0,0.0,-0.0
2019-03-13,-0.0,0.0,-0.0,0.0,0.010602435348445294,-0.0,-0.0,-0.0
2019-03-14,-0.0,0.0,-0.0,0.0,-0.0,0.0073859298896894465,-0.0,0.0
2019-03-15,-0.0,0.0,-0.0,0.0,-0.0,-0.0,-0.0,0.0
2019-03-18,0.0,0.0,0.0,0.0,-0.0,-0.0,-0.0,0.0
2019-03-19,-0.0,0.0,-0.0,0.0,-0.0,-0.0,0.0,0.0
2019-03-20,0.0,0.0,0.0,-0.0,-0.0,-0.0,-0.0,-0.0
2019-03-21,0.0,0.0,0.0,-0.0,0.0,-0.0,-0.0,-0.0
2019-03-22,0.0,-0.0,0.0,-0.0,0.0,-0.0,0.0,-0.0
2019-03-25,0.0,0.0,0.0,-0.0,0.0,-0.0,-0.0,-0.0
2019-03-26,0.0,0.0,-0.0,-0.0,0.0,-0.0,0.0,-0.0
2019-03-27,0.0,-0.0,-0.0,-0.0,0.0,0.0029870828003722982,0.0,-0.0
2019-03-28,0.0,-0.0,-0.0,-0.0,0.0,0.0,0.0,-0.0
2019-03-29,-0.0,0.0,0.0,-0.0,-0.0,0.0,-0.0,0.008012029349414362
2019-04-01,0.007257668734844236,0.0,-0.0,-0.0,-0.0,0.0,0.0,0.0
2019-04-02,-0.0,-0.0,-0.0,-0.0,-0.0,0.0,0.0,0.0
2019-04-03,-0.0,0.0,-0.0,-0.0,-0.0,0.0,-0.0,0.0
2019-04-04,-0.0,0.0,-0.0,0.0,-0.0,0.0,-0.0,0.0
2019-04-05,0.0,0.0,-0.0,0.0,0.0,0.0,-0.0,0.0
2019-04-08,0.0,0.0,0.0,-0.0,0.0,-0.0,-0.0,0.0
2019-04-09,0.0,0.0,0.0,-0.0,-0.0,0.0,-0.0,-0.0
2019-04-10,0.0,0.0,0.0,-0.0,-0.0,0.0,0.0,-0.0
2019-04-11,0.0,0.0,0.0,-0.0,0.0,0.0,0.0,-0.0
2019-04-12,0.0,0.0,0.0,0.0,-0.0,0.0,-0.0,0.0
2019-04-15,0.0,0.0,0.0,0.0,0.0,0.0,-0.0,0.0
2019-04-16,0.0,0.0,0.0,-0.0,0.0,0.0,-0.0,0.0
2019-04-17,0.0,-0.001441792494986327,0.0,-0.0,0.0,0.0,-0.0,0.0
2019-04-18,0.0,0.0,0.0,-0.0,-0.0,0.0,-0.0,0.0
2019-04-19,-0.0016917942429366395,0.0030781479144326163,0.0,-0.0,0.0,0.0,-0.0,-0.0
2019-04-22,-0.0,-0.0,0.0,-0.0,-0.0,0.0,0.0,-0.0
2019-04-23,-0.0,-0.0,0.0,-0.0,0.0,0.0,0.0,-0.0
2019-04-24,-0.0,-0.0,-0.0,-0.0,0.0,0.0,0.008678104896889471,0.0
2019-04-25,-0.0,-0.0,-0.0,-0.0,0.0,-0.004776933522504079,0.0,-0.0
2019-04-26,-0.0,-0.0,-0.0,-0.0,0.0,0.0,0.0,-0.0
2019-04-29,-0.0,-0.0,-0.0,-0.0,0.0,0.0,0.0,-0.0
2019-04-30,-0.0,-0.0,-0.0,0.0,-0.0,-0.0,0.0,-0.0
2019-05-01,-0.0,-0.0001072628910454565,-0.0,0.011493121040667464,0.0035463214335578197,-0.0,-0.0,-0.0
2019-05-02,-0.0,-0.0,-0.0,0.0,-0.0,-0.0,0.0004723349988693393,-0.0
2019-05-03,-0.0,-0.0,-0.0,0.0,-0.0,-0.0,-0.0,-0.0
2019-05-06,-0.0,-0.0,-0.0,0.0,-0.0,-0.0,0.0,-0.0
2019-05-07,0.0,-0.0,-0.0,0.0,0.0,0.0,0.0,-0.0
2019-05-08,-0.0,-0.0,0.0,-0.0,0.0,0.0,0.0,-0.0
2019-05-09,-0.0,-0.0,0.0,-0.0,0.0,-0.0,0.0,-0.0
2019-05-10,-0.0,-0.0,0.01587871197290891,-0.0,-0.0,-0.0,0.0,-0.0
2019-05-13,-0.0,-0.0,0.0,-0.0,0.0,-0.0,-0.020352620563436785,-0.0
2019-05-14,-0.0,-0.0,0.0,-0.0,-0.0,-0.0,0.0,-0.005757087154639962
2019-05-15,-0.0,-0.0,0.0,-0.0,-0.0,-0.0,0.0,-0.0
2019-05-16,-0.0,-0.0,0.0,-0.0,-0.0,-0.0,0.0,0.0
2019-05-17,-0.0,-0.0,0.0,-0.0,0.0,-0.0,0.0,0.0
2019-05-20,-0.008749454901967657,-0.0,0.0,-0.0,-0.0,0.0,0.0,0.0
2019-05-21,-0.0,-0.0,0.0,-0.0,-0.0,0.0,0.0,0.0
2019-05-22,-0.0,-0.0,-0.009717898342289422,-0.014230549050373686,-0.0,0.0,0.0,0.0
2019-05-23,0.0,0.0013550950926792815,0.0,-0.0,0.0,-0.0,-0.0,-0.0
2019-05-24,0.0,0.0,0.0,-0.0,-0.0,-0.0,-0.0,-0.0
2019-05-27,0.0,0.0,0.0,-0.0,0.0,-0.0,-0.0,-0.0
2019-05-28,0.012228122763126348,0.0,0.0,-0.0,0.0,-0.0,-0.0,-0.0
2019-05-29,0.0,0.0,0.0,-0.0,0.0,-0.0,-0.0,-0.0
2019-05-30,0.0,0.0,-0.0,-0.0,0.0,0.0,0.0,0.0
2019-05-31,0.0,0.0,0.0,-0.0,0.0,-0.0009146706481123479,0.0,-0.0
2019-06-03,0.0,0.0,0.0,-0.0,-0.0,-0.0,0.0,-0.0
2019-06-04,0.0,0.0,0.0,0.0,-0.0,-0.0,-0.0,-0.0
2019-06-05,-0.0,0.0,0.0,0.0,-0.0,-0.0,-0.0,-0.0
2019-06-06,-0.0,0.0,0.0,0.0,-0.0,-0.0,-0.0,-0.0
2019-06-07,-0.0,0.0,0.0,0.0,-0.0,-0.0,0.0,-0.0007677623587993843
2019-06-10,-0.0,-0.0,0.0,0.0,-0.0,-0.002694537082711723,0.0,0.0
2019-06-11,-0.0,-0.0,0.0,0.0,-0.0,0.0,0.0,0.0
2019-06-12,-0.0,-0.0,0.0,0.0,-0.0,0.0,0.0,0.0
2019-06-13,-0.0,-0.0,0.0,-0.0,-0.002653571981813152,0.002669203810934051,0.0,-0.0
2019-06-14,-0.0,-0.0,0.0,-0.0,0.0,0.0,-0.0,0.0
2019-06-17,-0.0,-0.0,0.0,-0.0,0.0,0.0,-0.0,0.0
2019-06-18,-0.0,-0.0,0.0,-0.0,0.0,0.0,-0.0,-0.0
2019-06-19,-0.0,-0.0,-0.0,-0.0,-0.0,-0.0,-0.0,-0.0
2019-06-20,-0.0,0.0,-0.0,0.0,-0.0,-0.0,-0.0,-0.0
2019-06-21,-0.0,0.0,0.0,0.0,-0.0,-0.0,-0.0,-0.0
2019-06-24,-0.0,0.0,-0.0,0.0,-0.0,-0.0,-0.0,-0.0
2019-06-25,-0.0,0.0,0.0,0.0,-0.0,-0.0,-0.0,-0.0
2019-06-26,0.003252833948028444,0.0,0.0,0.0,-0.0,-0.0,-0.0,-0.0
2019-06-27,0.0,0.0,0.0,-0.0,-0.007311148685052116,-0.005082338930164743,0.0015127492676166865,0.004684729655107245
2019-06-28,0.0,0.0,0.0,-0.0,-0.0,0.0,0.0,0.0
2019-07-01,-0.0,0.0,-0.0,-0.0,-0.0,0.0,-0.0,0.0
2019-07-02,0.0,0.0,0.0,-0.0,-0.0,0.0,0.0,0.0
2019-07-03,0.0,0.0,0.0,-0.0,-0.0,0.0,-0.0,0.0
2019-07-04,-0.0,0.0,-0.0,-0.0,-0.0,0.0,0.0,0.0
2019-07-05,-0.0,-0.0,0.0,-0.0,-0.0,0.0,0.0,0.0
2019-07-08,-0.0,0.0,0.0,-0.0,-0.0,0.0,0.004435246896972278,0.0
2019-07-09,-0.0,-0.0,0.0,-0.0,0.0,0.0,0.0,0.0
2019-07-10,-0.0,-0.0,0.0,-0.0,0.0,0.0,-0.0,0.0
2019-07-11,-0.0,-0.0,0.0,-0.0,0.0,0.0,0.0,0.0
2019-07-12,0.0,0.0,0.0,0.004319212064060385,-0.0,-0.0,-0.0,-0.0
2019-07-15,0.0,0.0,0.0,0.0,-0.0,-0.0,-0.0,-0.0
2019-07-16,0.0,0.0,0.0,-0.0,-0.0,-0.0,-0.0,-0.0
2019-07-17,0.0,0.0,0.0,-0.0,-0.0,-0.0,0.0,-0.0
2019-07-18,0.0,0.0,-0.0,0.0,-0.0,-0.0,-0.0,-0.0
2019-07-19,0.0,0.0,0.0,-0.0,0.0,-0.0,0.0,-0.0
2019-07-22,0.0,-0.0,-0.0,-0.0,0.0,-0.0,0.0,-0.0
2019-07-23,0.0,-0.0,0.007753414760094168,0.0026332063243290627,0.0,-0.0,0.0,-0.0
2019-07-24,0.0,-0.0,-0.0,0.0,0.0,-0.0,-0.0,0.0
2019-07-25,-0.0,0.017747128684262425,-0.0,-0.0,0.0,0.0,0.0,0.0
2019-07-26,-0.0,-0.0,0.0,-0.0,0.0,0.0,0.0,0.0
2019-07-29,-0.0,-0.0,0.0,-0.0,0.0,0.0,0.0,0.0
2019-07-30,-0.0,-0.0,0.0,-0.0,0.0,0.0,0.0,0.0
2019-07-31,-0.0,-0.0,0.0,-0.0,0.0,0.0,0.0,0.0
2019-08-01,-0.0,-0.0,0.0,-0.0,0.0,-0.0,0.0,-0.0
2019-08-02,-0.0,-0.0,0.0,-0.0,0.0,-0.0,0.0,-0.0
2019-08-05,-0.01744215898975865,-0.0,-0.011562417246542944,-0.006071662055987415,0.0,-0.0,0.0,-0.0
2019-08-06,-0.0,-0.016460165609169186,0.0,0.0,0.0,-0.0,0.0,-0.0
2019-08-07,-0.0,-0.0,0.0,-0.0,0.0,-0.0,-0.024945424372097458,-0.0
2019-08-08,0.0,0.0,0.0,0.0,0.0,-0.0,0.0,-0.0
2019-08-09,-0.0,-0.0,0.0,-0.0,0.0,-0.0,0.0,-0.008890395263425721
2019-08-12,0.0,-0.0,-0.006645836063328359,-0.0,0.0,-0.004329962241600871,0.0,-0.0
2019-08-13,0.0,0.0,0.0,-0.0,0.00422012655994819,-0.0,-0.0,0.0
2019-08-14,-0.0,-0.0,0.0,-0.0,0.0,-0.0,-0.0,-0.0
2019-08-15,0.0,-0.0,-0.0,-0.0,0.0,0.0,-0.0,0.0
2019-08-16,0.0,-0.0,0.01951304587625935,0.0,0.0,0.006320589968239365,-0.0,0.0
2019-08-19,0.0,0.0,-0.0,0.0,0.0,0.0,-0.0,0.0
2019-08-20,0.0,-0.0,-0.0,0.0,0.0,0.0,0.0,-0.0
2019-08-21,0.0,0.0,-0.0,0.0,0.002314632065055,0.0,0.0,0.0
2019-08-22,-0.0,-0.0,-0.0,0.0,-0.0,0.0,0.0,0.0
2019-08-23,-0.0,-0.0,-0.0,0.0,0.0,-0.0,0.0,-0.0
2019-08-26,-0.0,0.0,-0.0,0.0,-0.0,-0.0,0.0,-0.0
2019-08-27,-0.0,-0.0,-0.0,0.0,-0.0,0.0,0.0,-0.0
2019-08-28,-0.0,-0.0,-0.0,0.0,0.0,-0.0,0.0,-0.0
2019-08-29,-0.0,-0.0,0.0,-0.0,-0.0,0.0,0.0,0.0
2019-08-30,-0.0,-0.0,-0.0,-0.0,0.0,0.0,0.0,0.0
2019-09-02,-0.0,-0.0,0.0,-0.0,0.0,0.0,0.0,0.0
2019-09-03,0.0,0.0,0.0,-0.0,0.0,0.0,0.0,0.0
2019-09-04,0.0,0.0,-0.0,0.0,-0.0,-0.0,-0.0,0.0
2019-09-05,0.0,0.0,-0.0,0.0,-0.0,-0.0,-0.0,0.0
2019-09-06,0.0,0.0,-0.0,0.0,-0.0,-0.0,-0.0,0.0
2019-09-09,0.0,0.0,-0.0,0.0,-0.0,0.0,-0.0,0.0
2019-09-10,0.0,0.0,-0.0,0.0,-0.0,0.0,-0.0,0.0
2019-09-11,0.0,0.0,-0.0,0.0,-0.0,0.0,-0.0,0.0
2019-09-12,0.0,0.0,0.002988066775111986,0.00024527050335398926,-0.0,0.0,-0.0,0.0
2019-09-13,0.0,0.0,-0.0,0.0,0.0,0.0,-0.0,0.0
2019-09-16,0.0,-0.0004834200254502097,-0.0,-0.006683355765463084,0.0,0.0,-0.0,0.0
2019-09-17,0.0,0.0,-0.0,0.0,0.0,0.0,-0.0,0.0
2019-09-18,-0.0022861394687542225,-0.0,-0.0,0.0,0.0,0.0,-0.0,-0.0058533240527604
2019-09-19,-0.0,-0.0,-0.0,0.0,0.0,0.0,0.0,-0.0
2019-09-20,-0.0,-0.0,-0.0025919470203614736,0.0021335279205105806,-0.0,0.0,0.0,-0.0
2019-09-23,-0.0,-0.0,-0.0,0.0,0.0,-0.0,0.0,-0.0
2019-09-24,-0.0,-0.0,-0.0,0.00042542705418635585,-0.0,-0.0,0.0,-0.0
2019-09-25,-0.0,-0.0,0.0,-0.0,-0.0,-0.0,0.0,0.0061862481821272075
2019-09-26,-0.0,-0.0,0.0,-0.0,0.0,0.0,0.0,-0.0
2019-09-27,-0.0,0.0,0.0,-0.0,-0.0,0.0,0.0,0.0
2019-09-30,-0.0,-0.0,0.0,-0.0,-0.0,0.0,0.0,0.0
2019-10-01,-0.0,-0.0,0.0,-0.0,-0.0,0.0,0.0,0.0
2019-10-02,-0.0,-0.0,0.0,-0.0,0.0,0.0,0.0,-0.0
2019-10-03,0.0,-0.0,0.0,0.0,0.0,0.0,0.0,-0.0
2019-10-04,0.0,0.0,-0.0,0.0,0.0,0.0,-0.0,-0.0
2019-10-07,0.0,-0.0,0.0,0.0,0.0,-0.0,-0.0,-0.0
2019-10-08,0.01166840734352137,0.0,0.0,-0.0,0.0,-0.0,0.0,-0.0
2019-10-09,0.0,0.0,0.0,-0.0,0.0,-0.0,-0.0,0.0
2019-10-10,-0.0,0.0,-0.0,0.0,-0.0,-0.0,-0.0,0.0
2019-10-11,-0.0,0.0,-0.0,0.0,-0.0,0.0,-0.0,0.0
2019-10-14,0.0,0.0,-0.0,0.0,-0.0,0.0,-0.0,0.0
2019-10-15,-0.0,0.0,-0.0,0.0,-0.0,0.0,-0.0,0.0
2019-10-16,-0.0,0.0,-0.0,0.0,-0.0,-0.0,-0.0,0.0
2019-10-17,-0.0,0.0,-0.0,0.0,-0.0,-0.0,-0.0,0.0
2019-10-18,0.0,0.0,-0.012959432806555649,-0.02533612982013922,-0.0,-0.0,-0.0,-0.0
2019-10-21,0.0,0.0,-0.0,0.0,-0.0,-0.0,0.0,0.0
2019-10-22,0.0,0.0,0.0015310235152085072,0.0,-0.0,-0.0,-0.0,0.0034076792596412497
2019-10-23,0.0,0.0,-0.0,0.0,-0.0,-0.0,-0.0,-0.0
2019-10-24,-0.0,-0.0,0.0,-0.0,-0.004947559655173905,0.0,-0.0,-0.0
2019-10-25,-0.0,-0.0,0.0,-0.0,-0.0,0.010436172705415192,-0.0,0.0
2019-10-28,-0.0,-0.0,0.0,-0.0,-0.0,0.0,-0.0,0.0
2019-10-29,0.0,0.0,-0.0,-0.0,-0.0,0.0,-0.0,0.0
2019-10-30,0.0,0.0,0.0,-0.0,0.0,-0.0,-0.0,0.0
2019-10-31,0.0,0.0,-0.0,0.0,0.0,-0.0,-0.0,-0.0
2019-11-01,0.0,0.0,-0.0,0.0,0.0,-0.0,-0.0,-0.0
2019-11-04,0.0,0.0,0.0,0.0,0.0,-0.0,-0.0,-0.0
2019-11-05,0.0,0.0,-0.0,0.0,0.0,-0.0,-0.0,0.0
2019-11-06,0.0008721563581429725,0.0024644135189240135,-0.0,-0.0,0.0,0.0,-0.0,0.0
2019-11-07,0.0,0.0,-0.0,-0.0,0.0,0.0,-0.0,0.0
2019-11-08,-0.0,0.007843623221180818,-0.0,-0.0,0.0,0.0,-0.0,0.0
2019-11-11,0.0,-0.0,-0.0,-0.0,0.0,0.0,-0.0,0.0
2019-11-12,-0.0,-0.0,-0.0,-0.0,0.0,0.0,0.003220203063276972,-0.0
2019-11-13,-0.0,-0.0,-0.0,-0.0,0.0,-0.0,0.0,-0.0
2019-11-14,-0.0,-0.0,-0.0,0.0,0.0,-0.0,0.006794576109848238,-0.0
2019-11-15,-0.0,-0.0,-0.0,0.0,-0.0,-0.0,0.0,-0.0
2019-11-18,-0.0,-0.0,-0.0,0.0,-0.0,-0.0,0.0,-0.0
2019-11-19,0.0,-0.0,-0.0,0.0,0.0,-0.0,0.0,-0.0
2019-11-20,-0.0,-0.0,0.0,0.0,0.0,0.0,0.0,-0.0
2019-11-21,0.0,0.0,0.0,0.0,0.0,0.0,0.0,0.0
2019-11-22,0.0,-0.0,0.0,-0.0,0.0,0.0,0.0,-0.0
2019-11-25,0.0,-0.0,-0.0,-0.0,0.0,0.0,0.0,0.0
2019-11-26,-0.0,-0.0,-0.0,-0.0,0.0,0.0,-0.0,0.0
2019-11-27,-0.0,-0.0,-0.0,-0.0,-0.0,0.0,-0.0,0.0
2019-11-28,-0.0,-0.0,-0.0,0.0,-0.0,0.0,0.0,0.0
2019-11-29,-0.0,-0.0,-0.0,0.0,-0.0,0.0,-0.0,0.0
2019-12-02,0.0,0.0,0.0025467154465390607,0.0,0.0,-0.0,0.0,0.0
2019-12-03,0.0,0.0,-0.0,0.0,0.0,-0.0,0.0,-0.0
2019-12-04,0.0,0.0,-0.006622848230440237,0.0,-0.0,-0.0,0.0,0.006264245509855271
2019-12-05,0.0,0.0,-0.0,0.0,-0.0,-0.0,0.0,-0.0
2019-12-06,0.0,0.0,-0.0,0.0,-0.0,-0.0,-0.0,-0.0
2019-12-09,-0.0,0.0,-0.0,0.0,-0.0,-0.0,-0.0,-0.0
2019-12-10,-0.0,-0.0,-0.0,-0.012424366586583857,-0.0,-0.0,-0.0,0.0
2019-12-11,0.0,0.0,-0.0022204512454683245,0.0,-0.0,-0.0,-0.0,-0.0
2019-12-12,0.0,0.0,0.0,0.0,0.0,-0.0,-0.0,0.0
2019-12-13,-0.0,0.0,-0.0,0.0,-0.0,-0.0,-0.0,0.0
2019-12-16,0.0,0.0,-0.0,0.0,-0.0,-0.0,-0.0,0.0
2019-12-17,0.0,0.0,0.0,-0.0,-0.0,-0.0,-0.0,0.0
2019-12-18,-0.0,-0.0,0.0,-0.0,-0.0,-0.0,-0.0,0.0
2019-12-19,-0.0,-0.0,0.0,-0.0,-0.0,-0.0,0.008361153022100942,0.0
2019-12-20,0.0,0.0,0.021608100520327245,0.025169912725005572,-0.0,-0.0,-0.0,0.0
2019-12-23,0.0,0.0,0.0,-0.0,-0.0,-0.0,0.0,-0.0
2019-12-24,0.0,0.0,0.0,-0.0,0.0,0.0004208906542559898,0.0,-0.0
2019-12-26,0.0,0.0,0.0,-0.0,0.00046772971719333256,0.0,-0.0,0.0
2019-12-27,0.0,0.0,-0.0,0.0,-0.0,-0.0,-0.0,0.0
2019-12-30,0.0,0.0,0.0,0.0,-0.0,-0.0,-0.0,-0.0
2019-12-31,0.0,-0.01360300727020225,-0.0,0.0,-0.0,-0.0,-0.0,-0.0
2020-01-02,0.004426814446340188,0.0,-0.0,0.0,-0.0,-0.0,-0.0,-0.0
2020-01-03,-0.0,-9.378493862188808e-05,-0.0,0.0,-0.0,-0.0,-0.0,-0.0
2020-01-06,0.01520518847385266,-0.0,-0.0,0.0,-0.0,-0.0,-0.0,-0.0
2020-01-07,-0.0,-0.0,-0.0,0.0,-0.0,0.0009920732983426106,-0.0,-0.0
2020-01-08,-0.0,-0.0,0.0,-0.0,0.004171616962055702,0.0,-0.00360368351518503,0.0
2020-01-09,-0.0,-0.0,-0.0,-0.0,0.0,0.0,-0.0,0.0
2020-01-10,-0.0,-0.0,-0.0,-0.0,0.0,0.0,-0.0,0.012887541067131192
2020-01-13,0.0,-0.0,0.0,-0.0,0.007034946155977995,0.0,-0.0,0.0
2020-01-14,0.008990725641499164,0.0,0.0,-0.0,0.0,-0.0,-0.007550086011703372,0.0
2020-01-15,0.0,0.0,0.0,-0.0,0.0,-0.0,-0.0,0.0
2020-01-16,0.0,0.0,0.0,0.0,-0.0,-0.0,-0.007033357997512257,0.0
2020-01-17,-0.0,-0.0,0.0,-0.0,0.0,-0.0,-0.0,0.0
2020-01-20,-0.0,-0.0,-0.0,0.0,-0.0,-0.0,-0.0,0.0
2020-01-21,-0.0,-0.0,-0.0,0.0,0.0,0.0,0.0,-0.0
2020-01-22,-0.0,-0.0,-0.0,0.0,0.0,0.0,0.0,-0.0
2020-01-23,-0.0,-0.0,-0.0,0.0,0.0,0.0,0.00761010813435814,-0.0
2020-01-24,-0.0,-0.0,-0.0,0.0,0.0,0.0,0.0,-0.0
2020-01-27,-0.0,-0.0,-0.0,0.0,0.0,0.0,0.0,-0.0
2020-01-28,-0.0,-0.0,-0.0,-0.0,0.0,0.0,0.0,-0.0
2020-01-29,-0.0,-0.0,0.0,-0.0,0.0,0.0,0.0,-0.0
2020-01-30,-0.0,-0.0,0.0,-0.0,0.0,0.0,0.0,-0.0
2020-01-31,-0.0,-0.0,-0.0,0.0,0.0,-0.0,0.0,-0.0
2020-02-03,-0.0,-0.01030851566953983,0.0,-0.0,0.0,-0.0,0.0,-0.0
2020-02-04,0.0,-0.0,0.0,0.0,0.0,-0.0,0.0,0.0
2020-02-05,0.0,-0.0,0.0,-0.0,0.0,0.0,0.0,0.0
2020-02-06,0.0,0.0,0.0,-0.0,0.0,0.0,-0.0,0.0
2020-02-07,0.004480857738870525,-0.0,0.011363832424243436,0.024829794994409182,0.0,0.0,0.0,0.0
2020-02-10,0.0,-0.0,-0.0,-0.0,-0.0023329570750009188,0.0,-0.0,0.0
2020-02-11,-0.0,-0.0,-0.0,-0.0,0.0,0.0,-0.0,0.0
2020-02-12,-0.0,-0.0,-0.0,-0.0,-0.0,0.0,-0.0,0.0
2020-02-13,-0.0,-0.0,-0.0,0.008968015964203602,-0.0,0.0,0.0,-0.0
2020-02-14,0.0,0.0,-0.0,0.0,-0.0,-0.004652413855374626,-0.0,-0.0
2020-02-17,-0.0,0.0,-0.0,0.0,-0.0,0.0,0.0,0.0
2020-02-18,-0.0,-0.0,-0.0,0.0,-0.0,0.0,0.0,0.0
2020-02-19,-0.0,-0.0,-0.003200978409489297,-0.0,-0.0,0.0,0.0,0.0
2020-02-20,-0.0,-0.0,0.0,-0.0,-0.0,-0.004664139716154203,0.0,0.0
2020-02-21,-0.0,-0.0,0.0,-0.0,-0.0,-0.0,0.0,0.0
2020-02-24,-0.0,-0.0,0.0,-0.0,0.0,-0.0,0.0,0.0
2020-02-25,-0.0,-0.0,0.0078697789419514,0.0,0.0,0.007297956403828576,0.0,0.0
2020-02-26,-0.011275405664651239,-0.0,0.0,-0.0,0.0,-0.0,0.0,0.008430709720521512
2020-02-27,0.0,-0.0,0.0,0.0,0.0,-0.0,-0.0,-0.0
2020-02-28,-0.0,-0.0,0.0,-0.0,0.0,-0.0,-0.0,-0.0
2020-03-02,-0.0,-0.0,0.0,-0.0,0.0,-0.0,-0.0,-0.0
2020-03-03,0.0,-0.0,0.0,-0.0,0.0,-0.0,-0.0,-0.0
2020-03-04,0.016787142363984597,0.012683604861865039,0.0,-0.0,0.0,-0.0,-0.0,-0.0
2020-03-05,0.0,0.0,0.0,0.0,0.0,-0.0,-0.0,-0.0
2020-03-06,0.023095817800036555,0.02112228520293502,-0.006311808581297762,0.01734782113442368,0.0,-0.0,-0.0,-0.025259074382010693
2020-03-09,0.0,0.0,0.0,0.0,0.0,-0.03667356816320344,-0.0,-0.0
2020-03-10,0.0,-0.0,0.0,0.0,0.0,-0.0,0.0,-0.01675275021223921
2020-03-11,0.0,-0.0,0.0,-0.0,0.0,-0.0,0.005986789671650006,-0.0
2020-03-12,-0.0,-0.0,0.0,-0.0,0.0,-0.0,0.0,-0.01160154881163844
2020-03-13,-0.0,-0.0,0.0,-0.0,0.0,0.0,0.0,0.0
2020-03-16,0.0532059326629617,-0.0,-0.04173934447041039,-0.0,-0.022243592183939453,0.0,0.0,0.0
2020-03-17,-0.0,-0.07564916098143004,0.0,-0.0,0.0,0.0,0.0,0.0
2020-03-18,-0.0,-0.0,0.0,-0.0,0.0,0.0,0.0,0.0
2020-03-19,-0.0,-0.0,-0.04707914332698815,-0.09097840095123899,0.0,0.0,0.0,0.0
2020-03-20,-0.024667226975056633,-0.0,0.0,-0.0,0.0,0.0,0.0,0.0
2020-03-23,-0.0,-0.0,0.0,-0.0,0.0,0.0,0.0,0.0
2020-03-24,0.0,-0.0,0.0,-0.0,0.0,0.0,0.0,0.0
2020-03-25,0.0,0.0,-0.0,0.0,-0.0,0.0,-0.006958792436744576,0.0
2020-03-26,0.0,0.0,-0.0,0.0,-0.0,-0.0,-0.0,-0.0
2020-03-27,0.0,0.0,-0.0,0.0,-0.0,-0.0,-0.0,-0.0
2020-03-30,0.0,0.0,-0.0,0.0,0.02287023414016076,-0.0,0.0,-0.0
2020-03-31,0.0,0.0,-0.0,0.0,-0.0,-0.0,0.0,-0.0
2020-04-01,0.0,0.0,-0.0,0.0,0.0,-0.0,0.0,-0.0
2020-04-02,0.0,0.0,-0.0,0.0,0.0,0.0,0.0,-0.0
2020-04-03,-0.0,-0.0,-0.0,-0.0,0.0,0.0,0.0,0.0
2020-04-06,-0.0,-0.0,-0.0,-0.0,-0.0,0.0,-0.0,0.0
2020-04-07,0.0,0.0,-0.0,-0.0,-0.0,0.0,-0.0,0.0
2020-04-08,0.0,0.0,-0.0,0.0,-0.0,0.0,-0.0,0.0
2020-04-09,0.0,0.0,0.0,0.0,-0.0,-0.0,-0.0,0.0
2020-04-10,0.0,0.0,-0.0,0.0,-0.0,-0.0,-0.0,-0.0
2020-04-13,0.0,0.0,-0.0,0.0,-0.0,-0.0,-0.0,-0.0
2020-04-14,0.0,0.0,-0.0,0.0,-0.0,-0.0,-0.0,-0.0
2020-04-15,0.0,0.0,-0.0,0.0,0.0,-0.0,0.0,-0.0
2020-04-16,0.0,-0.0,-0.0,0.0,0.0,0.0,0.0,-0.0
2020-04-17,0.0,0.0,-0.0,0.0,0.0,0.0,0.0,-0.0
2020-04-20,0.0,-0.0,0.0,-0.0,0.0,0.0,0.0,-0.0
2020-04-21,-0.0,-0.0,0.0,-0.0,0.0,0.0,0.0,0.0
2020-04-22,0.0,0.0,0.0,-0.0,0.0,0.0,0.0,0.0
2020-04-23,0.0,0.0,0.0,-0.0,-0.0,0.0,0.0,-0.0
2020-04-24,0.0,0.0,0.0,-0.0,0.0,0.0,0.0,-0.0
2020-04-27,0.0,0.0,-0.0,-0.0,-0.0,0.0,0.0,-0.0
2020-04-28,0.0,0.0,-0.0,0.0,-0.0,0.0,-0.0,-0.0
2020-04-29,0.0,0.0,-0.0,0.0,-0.0,0.0,-0.0,-0.0
2020-04-30,0.0,0.0,-0.0,0.0,-0.0,-0.0,-0.0,-0.0
2020-05-01,0.0,0.0,0.0,0.0,-0.0,-0.0,0.0,-0.0
2020-05-04,-0.0,-0.0,0.0,0.0,0.0,-0.0,0.0,-0.0
2020-05-05,-0.0,-0.0,0.0,0.0,0.0,-0.0,0.0,-0.0
2020-05-06,-0.0,-0.0,0.0,-0.0,0.0,0.0,0.0,-0.0
2020-05-07,-0.0,-0.0,0.0,-0.0,0.0,0.0,0.0,-0.0
2020-05-08,0.0,0.0,-0.0,-0.0,-0.0,0.0,0.005856074544025258,-0.0
2020-05-11,0.0,0.0,-0.0,-0.0,-0.0,0.0,-0.0,0.0
2020-05-12,0.0,0.0,0.0,-0.0,0.0,-0.0,-0.0,0.0
2020-05-13,0.0,0.0,0.0,-0.0,-0.0,-0.0,-0.0,0.008936595532950231
2020-05-14,0.0,-0.0,0.0,-0.0,0.0,0.0,0.0,0.0
2020-05-15,-0.0,-0.0,0.0,-0.0,0.0,0.0,0.0,0.0
2020-05-18,0.0,0.0,0.0,-0.0,-0.0,-0.0,0.0,-0.0
2020-05-19,0.0,0.0,-0.007364866535032322,-0.0,-0.0,0.0,0.0,0.0
2020-05-20,0.0,0.0,0.0,0.0,-0.0,-0.0,-0.0,0.0
2020-05-21,0.0,0.0,0.0,-0.0,-0.0,-0.0,0.0,0.0
2020-05-22,0.0,0.0,-0.0024065583861839768,0.005381455274127811,-0.0,-0.0,0.0,0.0
2020-05-25,0.0,0.0,-0.0,-0.0,0.0,0.0,0.0,0.0
2020-05-26,0.0,0.0,-0.0,0.0,-0.0,-0.0,0.0,-0.0
2020-05-27,-0.0,-0.00350900986704783,0.0,0.0,-0.0,0.0,0.0,0.0
2020-05-28,-0.0,0.0,0.0,0.0,-0.0,-0.0,0.0,0.0
2020-05-29,0.0,0.0,0.0,0.0,-0.0,-0.0,-0.0,0.0
2020-06-01,0.0,0.0,-0.0,0.0,-0.0,-0.0,-0.0,-0.0
2020-06-02,0.0,-0.03673459265049106,-0.0,0.0,-0.018676581768101608,-0.0,-0.0,0.0
2020-06-03,0.0,0.0,-0.0,0.0,-0.0,-0.0,0.008019752729778284,0.0
2020-06-04,0.0,0.0,0.0,0.0,-0.0,-0.0,-0.0,0.0
2020-06-05,0.0,0.0,-0.0,0.0,-0.0,0.0011993024299410404,-0.0,0.0
2020-06-08,-0.018341297448038696,-0.032463014409805924,-0.0,0.0,-0.014128712223635098,-0.0,-0.0,0.0
2020-06-09,0.0,0.0,0.0,0.0,-0.0,-0.0,-0.0,0.00837587293145814
2020-06-10,0.0,0.0,-0.0,0.0,-0.0,-0.0,-0.0,-0.0
2020-06-11,-0.0,-0.0,-0.0,0.0,0.0,-0.011882005438453302,-0.0,-0.0
2020-06-12,-0.0,-0.0,0.0,0.00940126791979412,0.0,-0.0,0.0,-0.0
2020-06-15,-0.0,-0.0,0.0,-0.0,0.0,-0.0,0.0021752652629282165,-0.0
2020-06-16,-0.0,-0.0,0.0,-0.0,0.0,0.0006690303042944379,0.0,-0.0
2020-06-17,-0.0,-0.0,0.0,-0.0,0.0,0.0,0.0032797261586903215,-0.0
2020-06-18,-0.0,-0.0,0.0,-0.0,-0.0,0.0,0.0,0.0
2020-06-19,-0.0,-0.0,0.0,-0.0,0.0,0.0,0.0,-0.0
2020-06-22,-0.0,-0.0,0.0,-0.0,-0.0,-0.0,-0.0,-0.0
2020-06-23,0.0,0.0,0.0,-0.0,0.0,-0.0,-0.0,-0.0
2020-06-24,0.0,-0.0,0.0,-0.0,0.0,-0.0,0.0,0.0
2020-06-25,0.0,0.0,0.0,-0.0,0.0,-0.0,-0.0,0.0
2020-06-26,0.0,0.0,0.0,-0.0,0.0,-0.0,0.0,0.0
2020-06-29,0.0,-0.0,0.0,-0.0,0.0,0.0,0.0,0.0
2020-06-30,-0.0,-0.0,0.0,-0.0,0.0,0.0,0.0,0.0
2020-07-01,0.0,0.0,-0.0,0.0,-0.0,-0.0,-0.0,0.0
2020-07-02,0.0,0.0,-0.0,0.0,-0.0,-0.0,-0.0,0.0
2020-07-03,0.0,0.0,0.009162959773562296,0.0,-0.0,-0.0,-0.0,0.0
2020-07-06,0.0,0.0,-0.0,0.0,-0.0,-0.0,-0.0,-0.0
2020-07-07,0.0,0.0,-0.0,0.0,0.0,-0.0,-0.0,-0.0
2020-07-08,0.0,0.0,-0.0,0.0,-0.0,-0.0,-0.0,-0.0
2020-07-09,0.0,0.0,-0.0,0.0,0.0,-0.0,-0.0,-0.0
2020-07-10,0.0,0.0,-0.0,0.0,0.0,-0.0,-0.0,-0.0
2020-07-13,0.0,-0.0,-0.0,0.0,0.0,-0.0,-0.0013735863661887837,-0.0
2020-07-14,0.0,0.0,0.0,0.0,0.0,-0.0,-0.0,-0.0
2020-07-15,0.0,0.0,0.0,-0.0,-0.0,0.0,-0.0023328184010381614,-0.0
2020-07-16,0.0,0.0,0.0,-0.0,-0.0,0.0,-0.0,0.0
2020-07-17,0.0,0.0,0.0,-0.0,-0.0,-0.0,-0.0,0.0
2020-07-20,0.0,0.0,0.0,0.0,-0.0,-0.0,-0.0,-0.0
2020-07-21,-0.010144460690401313,0.0,-0.0,0.0,-0.0,-0.0,-0.0,-0.0
2020-07-22,0.0,0.0,0.0,0.0,-0.0,-0.0,0.005140427022760852,0.0
2020-07-23,0.0,0.0,0.0,0.0,-0.0,-0.0,0.0,-0.0
2020-07-24,0.0,0.0,0.0,0.0,-0.0,-0.0,0.0,-0.0
2020-07-27,0.0,0.0,0.0,0.0,-0.0,-0.0,0.0,-0.0
2020-07-28,0.002353955698483734,-0.004377497932701924,0.0,0.0,-0.005937698440768524,-0.016467728226939204,0.0,-0.0
2020-07-29,0.0,0.0,-0.0,0.0,-0.0,-0.0,-0.0,-0.0
2020-07-30,0.0,0.0,-0.0,0.0,0.0,-0.0,-0.0,-0.0
2020-07-31,0.0,0.0,-0.0,-0.022246069613915398,0.0,-0.0,-0.0,-0.0017323428472282298
2020-08-03,-0.0,0.003295844303043638,-0.0,0.0,0.0,-0.0,-0.0,0.0
2020-08-04,-0.0,0.0,-0.0,0.0,-0.0,-0.0,-0.0,0.0
2020-08-05,-0.0,0.0,-0.0,0.0,-0.0,-0.0,-0.0,0.0
2020-08-06,0.0030501776846094675,0.0,-0.0,0.0,-0.0,0.0,-0.0,0.0
2020-08-07,0.0,0.0,0.0,-0.0,-0.0,-0.0,-0.0,-0.0
2020-08-10,0.0,0.0,-0.0,-0.0,-0.0,-0.0,-0.0,0.0
2020-08-11,-0.0,-0.0,-0.0,-0.0,-0.0,0.0,-0.0,0.0
2020-08-12,-0.0,-0.0,-0.0,-0.0,-0.0015507451815075513,0.0,-0.0,0.0
2020-08-13,-0.0,-0.0,0.0,-0.0,-0.0,-0.0,0.0,0.0
2020-08-14,-0.0,0.0,0.0,0.0,-0.0,-0.0,-0.0,0.0
2020-08-17,-0.0,0.0,0.0,0.0,-0.0,-0.0,-0.0,0.0
2020-08-18,0.0,0.0,0.0,0.0,-0.0,-0.0,-0.0,-0.0
2020-08-19,0.0,0.0,-0.0,0.0,-0.0,0.0,-0.0,-0.0
2020-08-20,0.0,0.0,-0.0,0.0,-0.0,-0.0,-0.0,-0.0
2020-08-21,-0.0,-0.0,-0.0,0.0,-0.0,0.0,-0.0,-0.0
2020-08-24,-0.0,-0.0,-0.0,-0.0,0.0,0.0,-0.0,-0.0
2020-08-25,-0.0,-0.0,-0.0,-0.0,0.0,0.0,-0.00019784923415500089,0.0
2020-08-26,0.0,0.0,-0.0,0.0,-0.0,-0.0,-0.0,-0.0
2020-08-27,0.0,0.0,-0.0,-0.0,-0.0,0.0,-0.0025852843412371707,0.0
2020-08-28,0.0,0.0,-0.0,0.0,-0.0,-0.0,-0.0,-0.0
2020-08-31,0.0,0.0,-0.0,0.0,-0.0,-0.0,-0.0,-0.0
2020-09-01,0.0,0.0,-0.0,0.0,-0.0,0.0,-0.0,-0.0
2020-09-02,0.0,0.0,-0.008516517952098623,0.0,-0.0,0.0,-0.0068228813303773395,0.0
2020-09-03,0.0,0.0,-0.0,0.0,0.0,0.0,-0.0,-0.0
2020-09-04,0.01379300676530737,0.010978136067159028,6.652504784687707e-05,-0.0,-0.0,0.0,-0.0033841431269919786,0.0
2020-09-07,-0.0,-0.0,0.0,-0.0,0.003712233974299206,0.0,-0.0,0.0
2020-09-08,-0.0,-0.0,0.01897097089541333,-0.0,0.0,0.0,0.0,0.0
2020-09-09,0.0,-0.0,0.0,-0.0,0.0,0.0,-0.0,-0.0
2020-09-10,0.0,-0.0,0.0,-0.0,0.0,0.0,-0.0,-0.0
2020-09-11,0.0,-0.0,0.0,-0.0,0.0,-0.0,-0.0,-0.0
2020-09-14,0.0,0.0,0.0,-0.0,0.0,-0.0,-0.0,-0.0
2020-09-15,0.0,0.0,0.0,-0.0,-0.0,-0.0,-0.0,-0.0
2020-09-16,0.0,0.0,0.0,-0.0,0.0,-0.0,-0.0,-0.0
2020-09-17,0.0,0.0,0.010247995811090926,0.013136623577406303,-0.0,-0.0,-0.0,-0.0
2020-09-18,0.0,0.0,-0.0,0.0,0.0,0.0,-0.0,-0.0
2020-09-21,0.0,-0.0,-0.0,-0.0,0.0,0.0,-0.0,-0.0
2020-09-22,-0.0,-0.0,0.0,-0.0,0.0,0.0,0.0006199046407193709,-0.0
2020-09-23,-0.0,-0.0,0.0,-0.0,0.0,0.0,0.0,0.004181806603174909
2020-09-24,-0.0,-0.0,0.0,-0.0,0.0,0.0,0.0,0.0
2020-09-25,-0.0,-0.0,-0.0,-0.0,0.0,0.0,0.0,0.0
2020-09-28,-0.0,-0.0,-0.0,0.0,0.0,0.0,0.0,0.0
2020-09-29,0.0,-0.0,-0.0,0.0,0.0,0.00032599448175629764,0.0,0.0
2020-09-30,0.0,0.012663602834506626,-0.0,0.0,0.0052095286776602245,-0.0,-0.0,0.0
2020-10-01,0.014353429769964454,0.0,-0.0,0.0,-0.0,-0.0,-0.0,0.0
2020-10-02,0.0,0.0,-0.0,0.0,-0.0,-0.0,-0.0,-0.0
2020-10-05,0.0,0.0,-0.0,0.0,-0.0,-0.0,-0.0,0.0
2020-10-06,-0.0,-0.0,-0.0,0.0,-0.0,-0.0,-0.0,-0.0
2020-10-07,-0.0,-0.0,0.0,-0.0,-0.0,-0.0,-0.0,0.0
2020-10-08,-0.0,-0.0,-0.0,0.0,-0.0,-0.0,-0.0,0.0
2020-10-09,-0.0,0.0,0.0,0.0,-0.0,-0.0,-0.0,0.0
2020-10-12,-0.0,0.0,-0.0,0.0,-0.0,-0.0,0.003481949367421855,-0.0
2020-10-13,-0.0,0.0,-0.0,0.0,-0.0,-0.0,-0.0,-0.0
2020-10-14,-0.0,0.0,-0.0,0.0,-0.0,-0.0,-0.0,-0.0
2020-10-15,-0.0,-0.0,-0.0,-0.0,0.0,-0.0,-0.0,-0.0
2020-10-16,-0.0,-0.0,0.0,-0.0,0.0,0.0,0.0012018407631121386,-0.0
2020-10-19,-0.0,-0.0,0.0,-0.0,0.0,0.0,-0.0,0.0
2020-10-20,-0.0,-0.0,0.0,0.0,-0.0,-0.0,-0.0,0.0
2020-10-21,-0.0,-0.0,-0.0,0.0,0.0,-0.0,-0.0,-0.0
2020-10-22,-0.0,0.0,-0.0,0.0,-0.0,-0.0,-0.0,-0.0
2020-10-23,0.003301041534132909,0.0,0.0,0.0,-0.0,-0.0,-0.0,-0.0
2020-10-26,0.0,0.0,-0.0,0.0,0.0,-0.0,0.0,-0.0
2020-10-27,0.0,0.0,-0.0,0.0,0.0,0.0,0.0,-0.0
2020-10-28,0.0,-0.0,0.0,0.012315994320836965,0.0,0.0,0.01252524600601912,-0.002658453395335325
2020-10-29,0.0,-0.0,-0.0,-0.0,0.0,0.0,0.0,-0.0
2020-10-30,-0.0,-0.0,-0.0,-0.0,0.0,0.0,0.0,-0.0
2020-11-02,-0.0,-0.0,-0.0,-0.0,0.0,0.0,-0.0,-0.0
2020-11-03,0.0,0.0,-0.0,0.0,-0.0,0.0,-0.0,-0.0
2020-11-04,0.0,0.0,-0.0,0.0,-0.0,0.0,-0.0,0.002115157646577659
2020-11-05,0.0,0.0,-0.0,0.0,-0.0,-0.0,-0.0,-0.0
2020-11-06,0.0,0.0,0.0,0.0,-0.0,-0.0,-0.0,-0.0
2020-11-09,0.0,0.0,-0.0,0.0,-0.0,-0.0,-0.0,0.0
2020-11-10,0.0,0.0,-0.007223239258705272,0.0,-0.0,0.0,-0.0,0.0
2020-11-11,0.0,0.0,-0.0,0.0,-0.0,0.0,-0.0,0.0
2020-11-12,0.0,0.0071339121481487355,0.0,0.0022283191373692057,0.0,0.0,0.0017615768158850686,0.016152624779450342
2020-11-13,0.0,0.0,-0.0,0.0,0.0,0.01370364161446791,0.0,0.0
2020-11-16,0.0,-0.0050892200725499714,0.0,0.0,0.005079588918560529,0.0,-0.0,-0.0
2020-11-17,0.0,0.0,0.005767293099457338,-0.0,0.0,-0.0,-0.0,-0.0
2020-11-18,0.0,0.0,0.0,0.0,0.0,-0.0,-0.0,-0.0
2020-11-19,0.0,0.0,-0.0,0.0,-0.0,-0.0,-0.0,-0.0
2020-11-20,0.0,0.0,-0.0,0.0,-0.0,-0.0,-0.0,-0.0
2020-11-23,0.0037063005991967435,-0.0,-0.0,0.0,0.0,0.0,0.0,-0.0
2020-11-24,0.0,0.0,-0.0,0.0,-0.0,-0.0,0.004234051115604487,0.0
2020-11-25,0.0,0.0,-0.0,0.0,-0.0,-0.0,0.0,0.0
2020-11-26,0.0,0.0,-0.0,0.0,-0.0,-0.0,-0.0,0.0
2020-11-27,0.0,0.0,0.0,0.0,-0.0,-0.0,0.0,0.0
2020-11-30,0.0,0.0,0.0,-0.0,-0.0,-0.0,0.0,-0.0
2020-12-01,-0.0,0.0,0.0,0.0,-0.0,-0.0,-0.0,-0.0
2020-12-02,0.0,0.0,0.0,-0.0,-0.0,-0.0,-0.0,-0.0
2020-12-03,-0.0,0.0,0.0,0.0,-0.0,-0.0,-0.0,-0.0
2020-12-04,-0.0,0.0,0.0,0.0,-0.0,-0.0,-0.0,0.0
2020-12-07,-0.0,0.0,0.0,0.0,-0.0,-0.0,-0.0,-0.0
2020-12-08,-0.0,0.0,0.0,-0.0,-0.0,-0.01215825601208742,-0.0,-0.0
2020-12-09,-0.0,0.0,-0.0,0.0,-0.0,-0.0,-0.0,-0.0
2020-12-10,0.0,0.0,0.0,-0.0,-0.009649412739623386,-0.0,-0.0,0.0
2020-12-11,0.0,0.0,0.0,-0.0,-0.0,-0.0,0.0,-0.0
2020-12-14,0.0,0.0,0.0,-0.0,-0.0,-0.0,0.0,-0.0
2020-12-15,0.0,0.0,-0.0,0.0,-0.0,-0.0,-0.0,-0.0
2020-12-16,0.0,0.0,0.0,0.0,-0.0,-0.0,-0.0,-0.0
2020-12-17,0.0,-0.01208916642709712,0.011165266370146698,0.0,-0.0012364671182580889,-0.001837592843004332,-0.0,-0.0
2020-12-18,0.0,0.0,-0.0,0.0,0.0,-0.0,-0.0,-0.0
2020-12-21,0.0,0.0,-0.0,0.0,0.0,-0.0,0.0,-0.0
2020-12-22,0.0,0.004836243623040026,0.0,-0.0,0.01631270620381553,0.0,0.0,-0.0
2020-12-23,-0.007799388237676674,-0.0,0.0,0.001172466061533206,0.0,0.0,0.0,0.0
2020-12-24,0.0,-0.0,-0.0,-0.0,0.0,0.0,0.0,0.0056089025335605
2020-12-28,-0.0,-0.0,0.0,-0.0,0.0,0.0,0.0,0.0
2020-12-29,-0.0,0.0,-0.0,0.0,-0.0,-0.0,-0.0,0.0
2020-12-30,0.0,0.0,-0.0,0.0,-0.0,-0.0,-0.0,-0.0
2020-12-31,0.0,0.0,-0.0,0.0,-0.0,-0.0,-0.0,-0.0
2021-01-04,-0.003378842706578067,0.0,0.0,0.0,-0.0,-0.0,-0.0,-0.0
2021-01-05,0.0,0.0,-0.0,0.0,-0.0,-0.0,-0.0,-0.0
2021-01-06,0.0,0.0,-0.0,0.0,-0.0,-0.0,-0.0,-0.0
2021-01-07,-0.005560569116156877,0.0,0.0,0.004449518056575785,-0.0,0.0,-0.0,0.0
2021-01-08,0.0,0.0,0.0,-0.0,-0.0,0.0,-0.0,0.0
2021-01-11,0.0,0.0,-0.0,-0.0,0.0,0.0,0.0037782614463189867,0.0
2021-01-12,0.0,-0.001772436291934909,-0.0,0.0,0.0,0.0,0.0,0.010133089115321736
2021-01-13,0.007599188642128607,-0.0,-0.0,0.0,0.0,0.0,0.0,0.0
2021-01-14,-0.0,0.0,-0.0,0.0,-0.0,0.0,-0.0,0.0
2021-01-15,-0.0,-0.0,-0.0,0.0,0.0,0.0,0.0,-0.0
2021-01-18,-0.0,-0.0,-0.0,0.0,-0.0,0.0,0.0,-0.0
2021-01-19,-0.0,-0.0,-0.003746864081836776,-0.0,0.0,0.0,0.00599777631610543,0.0
2021-01-20,-0.0,0.0,-0.0,0.0,-0.0,0.0,-0.0,-0.0
2021-01-21,-0.0,-0.0,-0.0,0.0,-0.0,-0.0,-0.0,-0.0
2021-01-22,0.0,0.0,0.0,0.0,-0.0,-0.0,0.0,-0.0
2021-01-25,0.0,0.0,-0.0,0.0,-0.0,-0.0,-0.0,0.0
2021-01-26,0.0,0.0,-0.0,0.0,-0.0,-0.0,-0.0,-0.0
2021-01-27,0.0,-0.0,-0.0,0.0,0.0,-0.0,0.0,0.0
2021-01-28,0.0,-0.0,-0.0,-0.0,0.0,0.0,0.0,0.0
2021-01-29,-0.0,-0.0,-0.0,0.0,0.0,0.0,-0.0,0.0
2021-02-01,-0.0,-0.0,-0.0,-0.0,0.0,0.0,-0.0,0.0
2021-02-02,-0.0,-0.0,-0.0,-0.0,0.0,0.0,-0.0,0.0
2021-02-03,-0.0,-0.0,-0.0,-0.0,-0.0,0.0,-0.0,0.0
2021-02-04,-0.0,-0.0,-0.0,-0.0,-0.0,0.0,-0.0,0.0
2021-02-05,0.0,0.0,-0.0,0.0,-0.0,0.0,0.0,-0.006286891915360582
2021-02-08,0.0,0.0,-0.0,0.0,-0.0,-0.0019948303729060424,-0.0,0.0
2021-02-09,0.0,0.0,-0.0,0.0,-0.0,-0.0,-0.0,-0.0
2021-02-10,0.0,0.0,-0.0,0.0,-0.0,-0.0,-0.0,-0.0
2021-02-11,0.0,0.0,0.0,0.0,-0.0,-0.0,-0.0,-0.0
2021-02-12,0.0,0.0,-0.0,0.0,-0.0,-0.0,-0.0,-0.0
2021-02-15,0.0,0.0,-0.0,0.0,-0.0,-0.0,-0.0,0.0
2021-02-16,0.0,0.0,-0.0,-0.006267020082698638,-0.0,-0.0,0.0012411109315711988,0.0
2021-02-17,0.0,0.0,-0.0,0.0,0.0,0.0,0.0,0.0
2021-02-18,-0.0,0.0,-0.0,0.0,-0.0,0.0,0.0,0.0
2021-02-19,0.0,0.0,-0.0,-0.01088683328711193,-0.0,0.0,0.0,0.0
2021-02-22,0.0,0.0,-0.0,0.0,-0.0,0.0,0.009579793156412775,-0.0
2021-02-23,0.0,0.0,-0.0,0.0,-0.0,0.0,0.0,0.007541184974096726
2021-02-24,0.0,0.0,-0.0,0.0,-0.0,0.0,0.0,0.0
2021-02-25,0.0,0.0,0.004429936386145417,-0.0025290851948420734,-0.0,0.0,0.0,0.0
2021-02-26,0.011921689708853545,0.020900252747117487,0.0,-0.0,0.0,0.0,0.0,0.0
2021-03-01,-0.0,-0.0,0.0,-0.0,0.0,0.0,0.0,0.0
2021-03-02,-0.0,-0.0,0.006192787193572857,-0.0,0.0,-0.010502593465307242,0.0,0.0
2021-03-03,-0.0,-0.0,0.0,-0.0,0.011429772228190638,0.0,0.0,0.0
2021-03-04,-0.0,-0.0,-0.0,-0.0,0.0,0.0,0.0,0.0
2021-03-05,-0.0,-0.0,-0.0,-0.0,-0.0,-0.024681233001777936,0.0,0.0
2021-03-08,-0.0,-0.0,-0.0,-0.0,0.0,0.0,0.0,-0.019625109313032407
2021-03-09,-0.0,-0.0,-0.0,-0.0,-0.0,0.0,0.0,0.0
2021-03-10,-0.0,-0.0,-0.0,-0.0,-0.0,0.0,0.0,0.0
2021-03-11,-0.0,0.0,-0.0,0.0,-0.0,-0.0,-0.0,-0.004912321935065411
2021-03-12,-0.0,0.0,-0.0,0.0,-0.0,-0.0,0.0030082781723023144,0.0
2021-03-15,-0.0010603888808005113,0.0,0.0,0.0,-0.0,-0.0,-0.0,0.0
2021-03-16,-0.0,0.0,-0.0,0.0,-0.0,-0.0,-0.0,0.0
2021-03-17,-0.0,0.0,0.0,0.0,-0.0,-0.0,-0.0,0.0
2021-03-18,-0.0,-0.0,-0.0,-0.0,-0.0,0.0,0.0,0.0
2021-03-19,0.0,-0.0,0.0,-0.0,0.0020828194192172855,0.0,0.0,-0.0
2021-03-22,0.0,-0.0,0.0,-0.0,0.0,-0.0,0.0,-0.0
2021-03-23,-0.0032382287683359046,-0.0,0.0,-0.0,0.0,0.0,0.0,-0.0
2021-03-24,-0.0,-0.0,0.0,-0.0,0.0,0.0,0.0,-0.0
2021-03-25,-0.0,-0.0,0.0,-0.0,0.0,0.0,0.0,0.0
2021-03-26,-0.0,-0.0,-0.0,-0.0,0.0,0.0,0.0,0.0
2021-03-29,-0.0,-0.0,-0.0,-0.0,0.0,0.0,0.0,0.0
2021-03-30,-0.0,-0.0,-0.0,-0.0007279228750720623,0.0,0.0,0.0,0.0
2021-03-31,0.00041001363180537265,0.0016912519557763517,-0.0,0.0,-0.0,0.0,0.0,0.0
2021-04-01,-0.0,0.0,-0.0,0.0,-0.0,0.0,0.0,0.0
2021-04-02,-0.0,-0.0,-0.0,0.0,0.0,0.0,0.0,0.0
2021-04-05,-0.0,0.0,-0.0,0.0,-0.0,-0.0,0.003068738508142488,0.0
2021-04-06,0.0,0.0,0.0,0.0,-0.0,-0.0,-0.0,-0.0
2021-04-07,0.0,0.0,0.0152431063964652,-0.0,0.0,-0.0,-0.0,-0.0
2021-04-08,0.0,0.0,0.0,-0.0,0.0,-0.0,-0.0,-0.0
2021-04-09,-0.0,0.0,0.0,-0.0,-0.0,-0.0,-0.0,-0.0
2021-04-12,-0.0,-0.0,0.0,-0.0,0.0,-0.0,-0.0,-0.0
2021-04-13,-0.0,-0.0,0.0,-0.0,-0.0,-0.0,0.0,-0.0
2021-04-14,0.0,0.0,0.0,0.0,-0.0,-0.0,-0.0,-0.0
2021-04-15,0.0,0.0,0.0,0.0,-0.0,-0.0,-0.0,-0.0
2021-04-16,0.0,0.0,0.003299830563460504,0.0,-0.0,-0.0,-0.0,-0.0
2021-04-19,0.0,0.0,-0.0,0.0,-0.0,-0.0,-0.0,-0.0
2021-04-20,0.0,0.0,-0.0,0.0,0.0,-0.0,-0.0,-0.0
2021-04-21,0.0,0.0,-0.0,0.0,-0.0,-0.0,-0.0,-0.0
2021-04-22,-0.0,-0.0,0.0,0.0,-0.0,-0.0,-0.0,-0.0
2021-04-23,-0.0,0.0,0.0,0.0,-0.0,-0.0,-0.0,-0.0
2021-04-26,-0.0,0.0,0.0,-0.0,-0.0,-0.0,-0.0,-0.0
2021-04-27,-0.0,0.0,0.0,-0.0,-0.0,-0.0,-0.0,0.0
2021-04-28,-0.0,0.0,0.0,0.0,-0.0,-0.0,-0.0,0.0
2021-04-29,-0.0,0.0,0.0,0.0,-0.0,-0.0,-0.0,0.0
2021-04-30,-0.0,-0.0,-0.0,-0.0,-0.0,-0.0,-0.0,0.0
2021-05-03,-0.0,-0.0,-0.0,0.0,-0.009530363370107375,-0.0,-0.0,0.0
2021-05-04,-0.0,-0.0,-0.0,-0.0,-0.0,-0.0,0.0,0.0
2021-05-05,-0.0,-0.0,-0.0,-0.0,-0.0,0.0,0.0,0.0
2021-05-06,-0.0,0.0,-0.0,-0.0,-0.0,-0.0,-0.0,0.0
2021-05-07,0.0034451785894995535,0.0,-0.0,0.0,-0.0,-0.0,-0.0,-0.0
2021-05-10,-0.0,0.0,-0.0,0.0,-0.0,-0.0,-0.0,-0.0
2021-05-11,0.0,0.0,-0.0,0.0,-0.0,-0.0,-0.0,-0.0
2021-05-12,-0.0,-0.0,-0.0,0.0,-0.0,-0.0,-0.0,0.0
2021-05-13,-0.005498099658546307,-0.0,-0.0,0.0,0.0011786092260653858,-0.0,-0.0,0.0
2021-05-14,-0.0,0.007665940024151108,-0.0,0.0,-0.0,0.0,0.003661115659069347,0.0
2021-05-17,-0.0,-0.0,0.0,-0.001517718753234587,-0.0,0.0,0.0,0.0
2021-05-18,-0.0,-0.0,0.0,0.0,-0.0,-0.0,-0.0,0.0
2021-05-19,0.000343117981717489,0.0,0.0,0.0,-0.0,-0.0,-0.0,-0.0
2021-05-20,-0.0,0.0,0.0,0.0,-0.0,-0.0,-0.0,-0.0
2021-05-21,-0.0,-0.0,-0.0,0.0,-0.0,-0.0,-0.0,-0.0
2021-05-24,-0.0,-0.0,0.0,0.0,-0.0,-0.0,-0.0,-0.0
2021-05-25,-0.0,-0.0,0.0,0.0025027446796636044,0.0,-0.0,-0.0,-0.0
2021-05-26,0.0,0.0,0.0,0.0,-0.0,-0.0,-0.0,-0.0
2021-05-27,-0.0,-0.0,-0.0,0.0,0.0,-0.0,-0.0,0.0
2021-05-28,-0.0,-0.0,-0.0,0.0,0.0,0.0,-0.0,0.0
2021-05-31,-0.0,-0.0,-0.0,0.0,0.0,0.0,-0.0,0.0
2021-06-01,0.0,0.0,-0.0,-0.0,0.0,0.0,-0.0,0.0
2021-06-02,-0.0,0.0,-0.0,0.0,-0.0,-0.0,0.0007419893361806373,0.0
2021-06-03,-0.0,-0.0,0.0,-0.0,0.0,0.0,0.0,0.0
2021-06-04,0.0,0.0,-0.0,-0.0,-0.0,-0.0,0.0,-0.0
2021-06-07,0.0,0.0,-0.0,-0.0,0.0,-0.0,0.0,-0.0
2021-06-08,0.0,-0.0,-0.0,0.0,0.0,-0.0,0.0,0.0
2021-06-09,0.0,-0.0,0.0,-0.0,0.0,-0.0,0.0,0.0
2021-06-10,0.0,0.012432741596950958,-0.0,0.0,-0.0,-0.0,-0.0,0.008682240336124303
2021-06-11,0.0,-0.0,-0.0,-0.0,0.0,-0.0,0.0,0.0
2021-06-14,-0.0,-0.0,-0.0,-0.0,0.0,0.0,0.0,0.0
2021-06-15,-0.0,-0.0,0.0,-0.0,0.0,0.0,0.0,0.0
2021-06-16,-0.0,-0.0,-0.0,-0.0,0.0,0.0,0.0,0.0
2021-06-17,-0.0,-0.0,-0.0,-0.0,0.0,0.0,0.0,0.0
2021-06-18,-0.0,-0.0,0.0,-0.0,0.0,0.0,0.0,0.0
2021-06-21,-0.0,-0.0,-0.0,-0.0,0.0,0.0,0.0,0.0
2021-06-22,-0.0,-0.0,-0.0,-0.0,0.0,0.0,0.0,0.0
2021-06-23,-0.0,-0.004248316752399783,-0.0,-0.0,-0.0024137369223306004,-0.01072822938188367,0.0,-0.002192979931537553
2021-06-24,0.0,0.0,0.0024201415441956753,1.0475598470338632e-05,-0.0,0.0,0.0,0.0
2021-06-25,0.0,0.0,0.0,0.0,-0.0,-0.0,-0.0,0.0
2021-06-28,0.0,0.0,0.004227668577767574,-0.0,-0.0,0.0,-0.0,0.0
2021-06-29,0.0,-0.0,0.0,-0.0,0.0,0.0,-0.0,-0.0
2021-06-30,-0.0,-0.0,0.0037909282690870016,-0.0,0.0,0.0,-0.0,-0.0013839247861797688
2021-07-01,-0.0,-0.0,0.0,-0.0,0.0,0.0,0.0,0.0
2021-07-02,-0.0,-0.0,-0.0,-0.0,0.0,0.0,0.0,0.0
2021-07-05,-0.0,-0.0,-0.0,-0.0,0.0,0.0,0.0,0.0
2021-07-06,0.0,-0.0,-0.0,-0.0,0.0,0.0,0.0,0.0
2021-07-07,0.0,-0.0,-0.0,-0.0,0.0,0.0,0.0,-0.0
2021-07-08,0.0,-0.0,-0.0,0.0016601190241232189,0.0,-0.0,0.0,0.015980400676745887
2021-07-09,0.0,-0.0,-0.0,0.0,0.0,-0.0,0.0,-0.0
2021-07-12,0.0,-0.0,-0.0,0.0,0.0,-0.0,0.0,-0.0
2021-07-13,-0.0,-0.0,-0.0,0.0,0.0,-0.0,0.0,0.0
2021-07-14,0.0,-0.0,-0.0,0.0,0.0,-0.0,-0.0,-0.0
2021-07-15,0.0,-0.0,-0.0,0.0,0.0,0.0,-0.0,0.0
2021-07-16,0.0,-0.0,0.0,-0.0,0.0,0.0,-0.0,-0.0
2021-07-19,0.0,-0.0,0.0,-0.0,0.0,0.0,0.0,-0.0
2021-07-20,-0.0,-0.0,0.013686620230807245,-0.0,0.0,0.0,0.0,-0.0
2021-07-21,-0.0,-0.0,0.0,-0.0,0.0,0.0,0.0,0.0
2021-07-22,-0.0,-0.0,0.0,-0.0,-0.0,0.0,0.0,0.0
2021-07-23,-0.0,-0.0,-0.0,-0.0,-0.0,0.0,-0.0,0.0
2021-07-26,-0.0,0.0,-0.0,0.0,0.01566935852196416,-0.0,-0.0,0.0
2021-07-27,-0.0,0.0,0.014664253367642655,0.01825201732197912,-0.0,-0.0,0.0,-0.0
2021-07-28,-0.0006991199841289708,0.0,-0.0,0.0,-0.0,-0.0,0.0,-0.0
2021-07-29,-0.0,0.0,-0.0,0.0,-0.0,-0.0,-0.0,-0.0
2021-07-30,-0.010186138906435382,-0.0,-0.0,0.0,-0.0,-0.0,-0.0,-0.0
2021-08-02,-0.0,-0.0,0.0,0.0,-0.0,-0.0,-0.0,-0.0
2021-08-03,-0.0,0.0,0.0,0.0,-0.0,-0.0,0.009272852329684111,-0.0
2021-08-04,0.0013781996745687586,0.0,0.0,-0.0,0.0,-0.003771782074920793,-0.0,-0.0
2021-08-05,0.0,0.0,-0.0,-0.0,0.0,0.0,0.0,0.0
2021-08-06,0.0,0.0,-0.0,-0.0,0.0,0.0,0.0,0.0
2021-08-09,0.0,-0.0,-0.0,-0.0,0.0,0.0,0.0,0.0
2021-08-10,-0.0,-0.0,-0.0,-0.0,-0.0,0.0,0.0,0.013848709363857514
2021-08-11,-0.0,-0.0,-0.0,-0.0,-0.0,0.0,0.0,0.0
2021-08-12,-0.0,-0.0,0.0,-0.0,0.0,0.0,0.0,0.0
2021-08-13,-0.0,0.0,0.003482185305232033,-0.0,-0.0,0.0,-0.0,-0.0
2021-08-16,0.0,0.0,0.0,-0.0,-0.0,-0.0,-0.0,-0.0
2021-08-17,-0.0,-0.0,0.0,-0.0,0.0,-0.0,0.0,-0.0
2021-08-18,-0.0,-0.0,0.0,-0.0,0.0,-0.0,0.0,-0.0
2021-08-19,-0.0,-0.0,0.0,-0.0,0.0,-0.0,0.0,-0.0
2021-08-20,-0.0,-0.0,0.0,-0.0,0.0,0.0,0.0,0.0
2021-08-23,-0.0,-0.0,0.0,-0.0,0.0,0.0,0.0,0.0
2021-08-24,-0.0,0.0007114588867435101,0.0,-0.0,-0.0,-0.0,-0.0,0.0
2021-08-25,0.0,0.0,0.0,0.0,-0.0,-0.0,-0.0,0.0
2021-08-26,0.0,0.0,0.0,0.004702819256293234,0.010887831923695579,-0.0,-0.0,0.0
2021-08-27,0.0,0.0,-0.0,0.0,-0.0,-0.0,-0.0,0.0
2021-08-30,0.0,0.0,0.0,0.0,-0.0,0.0,-0.0,0.0
2021-08-31,0.0,0.0,0.0,0.0,0.0,0.0,-0.0,0.0
2021-09-01,0.0,0.0,0.0,0.0,0.0,0.0,-0.0,0.0
2021-09-02,0.0,0.0,0.0,0.0,-0.0,-0.0,-0.0,-0.0
2021-09-03,0.0,0.0,-0.0,0.0,-0.0,0.0,-0.0,-0.0
2021-09-06,0.0,0.0,0.0,0.0,-0.0,-0.0,-0.0,-0.0
2021-09-07,0.0,0.0,0.0,0.0,0.0,0.0,0.0,0.0
2021-09-08,0.0,-0.0,-0.0,0.0,0.0,0.0,0.0,0.0
2021-09-09,0.0,-0.0,-0.0,0.0,0.0,0.0,0.0,-0.0
2021-09-10,0.0003182691533509807,-0.0,-0.0,-0.0,0.0,0.0,0.0,0.0
2021-09-13,-0.0,-0.0,-0.0,0.0,0.0,0.0,-0.0,0.0
2021-09-14,-0.0,-0.0,-0.0,0.0,0.0,0.0,-0.0,-0.0
2021-09-15,-0.0,-0.0,-0.0,0.0,-0.0,-0.0,-0.0,-0.0
2021-09-16,-0.0,-0.0,-0.0,-0.0,0.0,0.0,-0.0,0.0
2021-09-17,-0.0,-0.0,0.0,-0.0,0.0,0.0,0.0,0.0
2021-09-20,-0.0,-0.0,0.0,-0.0,0.0,0.0,0.0,-0.0
2021-09-21,-0.0,-0.0,0.0,-0.0,0.0,0.0,0.0,-0.0
2021-09-22,-0.0,-0.0,0.0,-0.0,0.0,0.0,0.00674991372429512,0.0
2021-09-23,-0.0,0.0,0.0,-0.0,-0.0,0.0035123701764554482,0.0,0.0
2021-09-24,-0.0,-0.0,0.0,-0.0,-0.0,-0.0,-0.0,0.0
2021-09-27,-0.0,0.0,-0.0,0.0,0.014806030089053124,-0.0,-0.0,0.0
2021-09-28,-0.0,0.0,0.0,-0.0,-0.0,0.0,-0.0,0.02074307783808349
2021-09-29,-0.0,-0.0,0.0,-0.013867373961081397,-0.0,0.0,0.0,0.0
2021-09-30,-0.0,-0.0,0.0,-0.0,0.0,0.0,-0.0,0.0
2021-10-01,-0.0,0.0,-0.0,-0.0,-0.0,0.0,-0.0,-0.0030263344988157304
2021-10-04,-0.0,-0.0,0.0,-0.0,-0.0,-0.0,-0.0,-0.0
2021-10-05,-0.0,0.0,0.014102536021343925,0.006582364583243683,-0.0,-0.0,-0.0,-0.0
2021-10-06,0.0,0.0,-0.0,0.0,-0.0,0.0076726005296779975,-0.0,-0.0
2021-10-07,0.0,0.0,-0.0,0.0,-0.0,-0.0,0.0,0.0
2021-10-08,-0.0,0.0,-0.0,0.0,-0.0,-0.0,0.0,0.0
2021-10-11,-0.0,0.0,-0.0,-0.0,-0.0,0.0,0.0,0.0
2021-10-12,-0.0,0.0,-0.002841924909698257,-0.0,-0.0,0.0,0.0,0.0
2021-10-13,0.0,0.0,-0.0,0.0,-0.0,-0.0,-0.0,0.0
2021-10-14,-0.0,0.0,-0.0004218019922846983,0.0,-0.0,-0.0,-0.0,0.0
2021-10-15,0.0,0.0,-0.0,0.0,-0.009007053034584378,-0.0,-0.0,-0.017949127537073672
2021-10-18,0.0,0.0,-0.0,0.0,-0.0,-0.0,-0.0,0.0
2021-10-19,0.0,0.0,-0.0,0.0,-0.0,-0.0,-0.0,0.0
2021-10-20,0.0,0.0,-0.0,0.0,-0.0,-0.0,-0.0,0.0
2021-10-21,0.0,0.0,-0.0,0.0,0.00010671432883502252,-0.0,-0.0,0.0
2021-10-22,0.0,0.0,0.0027854714909737455,0.0,0.0,-0.0,-0.0,-0.0
2021-10-25,0.0,0.0,-0.0,0.0,0.0,-0.0,-0.0,-0.0
2021-10-26,0.0,-0.003770808549295457,-0.0010520691147470895,-0.0,0.0,-0.0,0.00022452093659097727,-0.0
2021-10-27,0.0,0.0,0.0,-0.0,0.0,-0.0,-0.0,-0.0
2021-10-28,0.0,0.0,0.0,0.0,-0.0,-0.0,-0.0,-0.0
2021-10-29,0.0,0.0,-0.0,-0.0,0.0,-0.0009868003976842843,0.0,0.0
2021-11-01,0.0,0.0,0.0,-0.0,-0.0,-0.0,0.0,0.0
2021-11-02,-0.0,-0.0,0.0,-0.0,0.0,-0.0,0.0,-0.0
2021-11-03,-0.0,-0.0,0.0,-0.0,0.0,-0.0,0.0,0.0
2021-11-04,-0.0,-0.0,0.0,-0.0,0.0,0.0009355408128137732,0.0,0.0
2021-11-05,-0.0,-0.0,0.0,-0.0,0.0,-0.0,-0.0,-0.0
2021-11-08,-0.0,-0.0,0.0,-0.0,0.0,0.004455394304750837,-0.0,-0.0
2021-11-09,-0.0,-0.0,0.0,-0.0,0.0,-0.0,-0.0,-0.0
2021-11-10,-0.0,-0.0,0.0,-0.0,0.0,0.0,0.0,-0.0
2021-11-11,-0.0,-0.0,0.0,-0.0,0.0,0.0,-0.0,0.0
2021-11-12,-0.0,-0.0,-0.0,-0.0,0.0,0.0,-0.0,0.0
2021-11-15,-0.0,-0.0,-0.0,-0.0,0.0,0.0,-0.0,0.0
2021-11-16,-0.0,-0.0,-0.0,-0.0,0.0,0.0,0.0,0.0
2021-11-17,0.0,-0.0,-0.0,0.006378098373738039,0.0,0.0,-0.0,0.0
2021-11-18,-0.0,-0.0,-0.0,0.0,0.0,0.0,-0.0,0.0
2021-11-19,-0.0,-0.0,-0.0,0.0,0.0,0.0,0.0,0.0
2021-11-22,-0.0,-0.0,-0.0,-0.0,0.0,0.0,0.0,0.0
2021-11-23,-0.0,-0.0,-0.0,-0.0,0.0,0.0,-0.0,0.0
2021-11-24,-0.0,-0.0,0.0,-0.0,-0.004419132131362691,0.0,0.0,0.0
2021-11-25,-0.0,-0.0,-0.0,-0.0,0.0,0.0,0.0,0.0
2021-11-26,-0.0,-0.015743404372199676,0.0,-0.0,0.0,-0.0,0.0,-0.0
2021-11-29,-0.0,-0.0,0.0,-0.0,0.0,0.010871608124905063,-0.0,0.011644122590881878
2021-11-30,-0.0,-0.0,0.0,-0.0,0.0,-0.0,-0.0,-0.0
2021-12-01,-0.0,-0.0,0.0,-0.0,0.0,-0.0,-0.0,-0.0
2021-12-02,-0.0006760237995323548,-0.0,0.0,-0.0,0.0,-0.0,-0.0,-0.0
2021-12-03,-0.0,-0.017164375419439604,0.0,-0.0,-0.004430901643686425,-0.0,-0.0,-0.0
2021-12-06,-0.0,-0.0,0.0,-0.0,0.0,0.0,-0.0,-0.0
2021-12-07,-0.0,-0.0,-0.0,-0.0,-0.0,0.0,-0.00017963126436437715,0.0
2021-12-08,-0.0,0.0,0.0,-0.0,-0.0,0.0,-0.0,0.0
2021-12-09,0.0,0.0,0.0,-0.0,-0.0,0.0,0.0,0.0
2021-12-10,0.014640623050961366,0.024372089456764834,-0.0,0.0,-0.0,0.0,0.0,0.0
2021-12-13,0.0,0.0,0.0,-0.0,0.0,-0.0,0.0,0.0
2021-12-14,0.0,-0.0,0.0,-0.0,0.0,-0.0,0.0016250784985709643,0.0
2021-12-15,0.0,0.0,-0.0,0.0,0.0,0.0,0.0,0.0
2021-12-16,0.0,0.0,-0.0,0.0,0.0,-0.0,0.0,0.0
2021-12-17,0.0,-0.0,-0.0,-0.0,0.0,0.0,0.0,0.0
2021-12-20,0.0,-0.0,-0.0,-0.0,0.0,-0.0,0.0,0.0
2021-12-21,0.0,0.0,-0.0,0.0,0.0,-0.0,0.0,0.0
2021-12-22,0.0,0.0,-0.0,0.0,0.0,-0.0,0.0,0.0
2021-12-23,0.0,0.0,-0.0,0.0,0.0,-0.0,-0.0,0.0
2021-12-24,0.0,0.0,-0.0,0.0,-0.0,-0.0,-0.0,0.0
2021-12-27,0.0,0.0,-0.0,0.0,-0.0,-0.0,-0.0,0.0
2021-12-28,0.0,0.0,-0.0,0.0,-0.0,-0.0,-0.0,0.0
2021-12-29,0.0,0.0,-0.0,0.0,-0.0,-0.0,-0.0,0.0
2021-12-30,-0.0,0.0,-0.0,0.0,-0.0,-0.0,0.0,0.0
2021-12-31,-0.0,0.0,-0.0,0.0,-0.0,-0.0,-0.0,0.0
2022-01-03,-0.0,-0.0,-0.0,0.0,-0.0,0.0,-0.0,0.0
2022-01-04,-0.0,0.0,-0.0,0.0,-0.0,-0.0,0.0,0.0
2022-01-05,-0.0,-0.0,-0.0,0.0,-0.0,0.0,0.0,0.0
2022-01-06,-0.0,-0.0,-0.0,-0.0023178554100854454,-0.0,0.0,0.0,0.0
2022-01-07,-0.0,-0.0,-0.0,0.0,-0.0,0.0,0.0,0.0
2022-01-10,-0.0,-0.0,-0.0,0.0,-0.0,0.0,0.0,-0.0
2022-01-11,-0.0,-0.0,-0.0007768310846784088,0.0,-0.0,0.0,0.0,0.007343569490456114
2022-01-12,-0.0,0.0,0.0,-0.010783006667427153,-0.0,-0.0,-0.0,-0.0
2022-01-13,0.0,0.0,0.0,0.0,-0.0,-0.0,0.004717002645129975,-0.0
2022-01-14,-0.0,0.0,-0.0,0.0,-0.0,-0.0,-0.0,-0.0
